episode_cluster_id,flow_episode_id,phase4_split,dependency_group,source_class,signal_family_id,evidence_date,days_from_onset,active_flow_episode_id,clean_pre_onset_signal,is_update
E051,51,test,E051,GARD,GARD-CIRCULAR-01-2026,2026-03-01,3.0,51.0,False,False
E051,51,test,E051,IUA_JWC_LMA,JWLA-033,2026-03-03,5.0,51.0,False,False
E051,51,test,E051,MARAD,MARAD-2026-0001B,2026-03-06,8.0,51.0,False,False
E051,51,test,E051,MARAD,MARAD-2026-001A,2026-02-28,2.0,51.0,False,False
E051,51,test,E051,MARAD,,,,,False,False
E051,51,test,E051,UKMTO_WARNING,,,,,False,False
E051,51,test,E051,UKMTO_WARNING,,,,,False,False
E051,51,test,E051,UKMTO_ADVISORY,UKMTO-ADVISORY-001-26,2026-02-03,-23.0,50.0,False,False
E051,51,test,E051,UKMTO_ADVISORY,UKMTO-ADVISORY-003-26,2026-02-28,2.0,51.0,False,True
E051,51,test,E051,UKMTO_ADVISORY,UKMTO-ADVISORY-003-26,2026-02-28,2.0,51.0,False,False
E051,51,test,E051,UKMTO_ADVISORY,UKMTO-ADVISORY-003-26,2026-03-01,3.0,51.0,False,True
E051,51,test,E051,UKMTO_WARNING,UKMTO-WARNING-004-26,2026-03-01,3.0,51.0,False,False
E051,51,test,E051,UKMTO_WARNING,UKMTO-WARNING-005-26,2026-03-01,3.0,51.0,False,False
E051,51,test,E051,UKMTO_WARNING,UKMTO-WARNING-006-26,2026-03-01,3.0,51.0,False,False
E051,51,test,E051,UKMTO_WARNING,UKMTO-WARNING-007-26,2026-03-01,3.0,51.0,False,False
E051,51,test,E051,UKMTO_WARNING,UKMTO-WARNING-005-26,2026-03-02,4.0,51.0,False,True
E051,51,test,E051,UKMTO_WARNING,UKMTO-WARNING-008-26,2026-03-02,4.0,51.0,False,False
E051,51,test,E051,UKMTO_WARNING,UKMTO-WARNING-009-26,2026-03-03,5.0,51.0,False,False
E051,51,test,E051,UKMTO_WARNING,UKMTO-WARNING-010-26,2026-03-04,6.0,51.0,False,False
E051,51,test,E051,UKMTO_WARNING,UKMTO-WARNING-011-26,2026-03-04,6.0,51.0,False,False
E051,51,test,E051,UKMTO_WARNING,UKMTO-WARNING-012-26,2026-03-04,6.0,51.0,False,True
E051,51,test,E051,UKMTO_WARNING,UKMTO-WARNING-012-26,2026-03-04,6.0,51.0,False,False
E051,51,test,E051,UKMTO_WARNING,UKMTO-WARNING-013-26,2026-03-04,6.0,51.0,False,False
E051,51,test,E051,UKMTO_WARNING,UKMTO-WARNING-014-26,2026-03-04,6.0,51.0,False,True
E051,51,test,E051,UKMTO_WARNING,UKMTO-WARNING-014-26,2026-03-04,6.0,51.0,False,False
E051,51,test,E051,UKMTO_WARNING,UKMTO-WARNING-015-26,2026-03-06,8.0,51.0,False,False
E051,51,test,E051,UKMTO_WARNING,UKMTO-WARNING-016-26,2026-03-07,9.0,51.0,False,True
E051,51,test,E051,UKMTO_WARNING,UKMTO-WARNING-016-26,2026-03-07,9.0,51.0,False,False
E051,51,test,E051,UKMTO_WARNING,UKMTO-WARNING-017-26,2026-03-10,12.0,51.0,False,False
E051,51,test,E051,UKMTO_WARNING,UKMTO-WARNING-018-26,2026-03-11,13.0,51.0,False,True
E051,51,test,E051,UKMTO_WARNING,UKMTO-WARNING-018-26,2026-03-11,13.0,51.0,False,False
E051,51,test,E051,UKMTO_WARNING,UKMTO-WARNING-019-26,2026-03-11,13.0,51.0,False,False
E051,51,test,E051,UKMTO_WARNING,UKMTO-WARNING-020-26,2026-03-11,13.0,51.0,False,False
E051,51,test,E051,UKMTO_WARNING,UKMTO-WARNING-021-26,2026-03-11,13.0,51.0,False,True
E051,51,test,E051,UKMTO_WARNING,UKMTO-WARNING-021-26,2026-03-11,13.0,51.0,False,False
E051,51,test,E051,UKMTO_WARNING,UKMTO-WARNING-022-26,2026-03-12,14.0,51.0,False,False
E051,51,test,E051,GARD,,,,,False,False
E051,51,test,E051,GARD,,,,,False,False
E051,51,test,E051,GARD,,,,,False,False
E051,51,test,E051,GARD,,,,,False,False
E051,51,test,E051,GARD,,,,,False,False
E051,51,test,E051,GARD,,,,,False,False
E051,51,test,E051,GARD,,,,,False,False
E051,51,test,E051,GARD,,,,,False,False
E051,51,test,E051,GARD,,,,,False,False
E051,51,test,E051,GARD,,,,,False,False
E051,51,test,E051,GARD,,,,,False,False
E051,51,test,E051,GARD,,,,,False,False
E051,51,test,E051,GARD,,,,,False,False
E051,51,test,E051,GARD,,,,,False,False
E051,51,test,E051,IUA_JWC_LMA,,,,,False,False
E038,38,test,E038,MARAD,,,,,False,False
E038,38,test,E038,GARD,,,,,False,False
E038,38,test,E038,GARD,,,,,False,False
E038,38,test,E038,GARD,,,,,False,False
E038,38,test,E038,GARD,,,,,False,False
E038,38,test,E038,GARD,,,,,False,False
E038,38,test,E038,GARD,,,,,False,False
E038,38,test,E038,GARD,,,,,False,False
E038,38,test,E038,GARD,,,,,False,False
E038,38,test,E038,GARD,,,,,False,False
E038,38,test,E038,GARD,,,,,False,False
E038,38,test,E038,GARD,,,,,False,False
E038,38,test,E038,GARD,,,,,False,False
E038,38,test,E038,GARD,,,,,False,False
E038,38,test,E038,GARD,,,,,False,False
E038,38,test,E038,IUA_JWC_LMA,JWC-JWLA-032,2023-12-18,-436.0,,False,False
E038,38,test,E038,IUA_JWC_LMA,JWC-JWLA-033,2026-03-03,370.0,51.0,False,False
E038,38,test,E038,IUA_JWC_LMA,,2025-06-04,98.0,,False,False
E038,38,test,E038,IUA_JWC_LMA,,,,,False,False
E038,38,test,E038,IUA_JWC_LMA,,,,,False,False
E038,38,test,E038,MARAD,,,,,False,False
E038,38,test,E038,GARD,,,,,False,False
E038,38,test,E038,GARD,,,,,False,False
E038,38,test,E038,GARD,,,,,False,False
E038,38,test,E038,GARD,,,,,False,False
E038,38,test,E038,GARD,,,,,False,False
E038,38,test,E038,GARD,,,,,False,False
E038,38,test,E038,GARD,,,,,False,False
E038,38,test,E038,GARD,,,,,False,False
E038,38,test,E038,GARD,,,,,False,False
E038,38,test,E038,GARD,,,,,False,False
E038,38,test,E038,GARD,,,,,False,False
E038,38,test,E038,GARD,,,,,False,False
E038,38,test,E038,GARD,,,,,False,False
E038,38,test,E038,GARD,,,,,False,False
E038,38,test,E038,IUA_JWC_LMA,JWC-JWLA-032,2023-12-18,-436.0,,False,False
E038,38,test,E038,IUA_JWC_LMA,JWC-JWLA-033,2026-03-03,370.0,51.0,False,False
E038,38,test,E038,IUA_JWC_LMA,,2025-06-04,98.0,,False,False
E038,38,test,E038,IUA_JWC_LMA,,,,,False,False
E038,38,test,E038,IUA_JWC_LMA,,,,,False,False
E042,42,test,E042,MARAD,,,,,False,False
E042,42,test,E042,GARD,,,,,False,False
E042,42,test,E042,GARD,,,,,False,False
E042,42,test,E042,GARD,,,,,False,False
E042,42,test,E042,GARD,,,,,False,False
E042,42,test,E042,GARD,,,,,False,False
E042,42,test,E042,GARD,,,,,False,False
E042,42,test,E042,GARD,,,,,False,False
E042,42,test,E042,GARD,,,,,False,False
E042,42,test,E042,GARD,,,,,False,False
E042,42,test,E042,GARD,,,,,False,False
E042,42,test,E042,GARD,,,,,False,False
E042,42,test,E042,GARD,,,,,False,False
E042,42,test,E042,GARD,,,,,False,False
E042,42,test,E042,GARD,,,,,False,False
E042,42,test,E042,IUA_JWC_LMA,JWC-JWLA-032,2023-12-18,-606.0,,False,False
E042,42,test,E042,IUA_JWC_LMA,JWC-JWLA-033,2026-03-03,200.0,51.0,False,False
E042,42,test,E042,IUA_JWC_LMA,,2025-06-04,-72.0,,False,False
E042,42,test,E042,IUA_JWC_LMA,,,,,False,False
E042,42,test,E042,IUA_JWC_LMA,,,,,False,False
E042,42,test,E042,MARAD,,,,,False,False
E042,42,test,E042,GARD,,,,,False,False
E042,42,test,E042,GARD,,,,,False,False
E042,42,test,E042,GARD,,,,,False,False
E042,42,test,E042,GARD,,,,,False,False
E042,42,test,E042,GARD,,,,,False,False
E042,42,test,E042,GARD,,,,,False,False
E042,42,test,E042,GARD,,,,,False,False
E042,42,test,E042,GARD,,,,,False,False
E042,42,test,E042,GARD,,,,,False,False
E042,42,test,E042,GARD,,,,,False,False
E042,42,test,E042,GARD,,,,,False,False
E042,42,test,E042,GARD,,,,,False,False
E042,42,test,E042,GARD,,,,,False,False
E042,42,test,E042,GARD,,,,,False,False
E042,42,test,E042,IUA_JWC_LMA,JWC-JWLA-032,2023-12-18,-606.0,,False,False
E042,42,test,E042,IUA_JWC_LMA,JWC-JWLA-033,2026-03-03,200.0,51.0,False,False
E042,42,test,E042,IUA_JWC_LMA,,2025-06-04,-72.0,,False,False
E042,42,test,E042,IUA_JWC_LMA,,,,,False,False
E042,42,test,E042,IUA_JWC_LMA,,,,,False,False
E045,45,test,E045,MARAD,,,,,False,False
E045,45,test,E045,GARD,,,,,False,False
E045,45,test,E045,GARD,,,,,False,False
E045,45,test,E045,GARD,,,,,False,False
E045,45,test,E045,GARD,,,,,False,False
E045,45,test,E045,GARD,,,,,False,False
E045,45,test,E045,GARD,,,,,False,False
E045,45,test,E045,GARD,,,,,False,False
E045,45,test,E045,GARD,,,,,False,False
E045,45,test,E045,GARD,,,,,False,False
E045,45,test,E045,GARD,,,,,False,False
E045,45,test,E045,GARD,,,,,False,False
E045,45,test,E045,GARD,,,,,False,False
E045,45,test,E045,GARD,,,,,False,False
E045,45,test,E045,GARD,,,,,False,False
E045,45,test,E045,IUA_JWC_LMA,JWC-JWLA-032,2023-12-18,-660.0,,False,False
E045,45,test,E045,IUA_JWC_LMA,JWC-JWLA-033,2026-03-03,146.0,51.0,False,False
E045,45,test,E045,IUA_JWC_LMA,,2025-06-04,-126.0,,False,False
E045,45,test,E045,IUA_JWC_LMA,,,,,False,False
E045,45,test,E045,IUA_JWC_LMA,,,,,False,False
E045,45,test,E045,MARAD,,,,,False,False
E045,45,test,E045,GARD,,,,,False,False
E045,45,test,E045,GARD,,,,,False,False
E045,45,test,E045,GARD,,,,,False,False
E045,45,test,E045,GARD,,,,,False,False
E045,45,test,E045,GARD,,,,,False,False
E045,45,test,E045,GARD,,,,,False,False
E045,45,test,E045,GARD,,,,,False,False
E045,45,test,E045,GARD,,,,,False,False
E045,45,test,E045,GARD,,,,,False,False
E045,45,test,E045,GARD,,,,,False,False
E045,45,test,E045,GARD,,,,,False,False
E045,45,test,E045,GARD,,,,,False,False
E045,45,test,E045,GARD,,,,,False,False
E045,45,test,E045,GARD,,,,,False,False
E045,45,test,E045,IUA_JWC_LMA,JWC-JWLA-032,2023-12-18,-660.0,,False,False
E045,45,test,E045,IUA_JWC_LMA,JWC-JWLA-033,2026-03-03,146.0,51.0,False,False
E045,45,test,E045,IUA_JWC_LMA,,2025-06-04,-126.0,,False,False
E045,45,test,E045,IUA_JWC_LMA,,,,,False,False
E045,45,test,E045,IUA_JWC_LMA,,,,,False,False
E038,38,test,E038,UKMTO_ADVISORY,,,,,False,False
E038,38,test,E038,UKMTO_ADVISORY,,,,,False,False
E038,38,test,E038,UKMTO_ADVISORY,,,,,False,False
E038,38,test,E038,UKMTO_ADVISORY,,,,,False,False
E038,38,test,E038,UKMTO_WARNING,,,,,False,False
E038,38,test,E038,UKMTO_WARNING,,,,,False,False
E038,38,test,E038,UKMTO_WARNING,,,,,False,False
E038,38,test,E038,UKMTO_WARNING,,,,,False,False
E042,42,test,E042,UKMTO_ADVISORY,,,,,False,False
E042,42,test,E042,UKMTO_WARNING,,,,,False,False
E042,42,test,E042,UKMTO_WARNING,,,,,False,False
E042,42,test,E042,UKMTO_WARNING,,,,,False,False
E045,45,test,E045,UKMTO_ADVISORY,,,,,False,False
E045,45,test,E045,UKMTO_ADVISORY,,,,,False,False
E045,45,test,E045,UKMTO_ADVISORY,,,,,False,False
E045,45,test,E045,UKMTO_WARNING,,,,,False,False
E045,45,test,E045,UKMTO_WARNING,,,,,False,False
E045,45,test,E045,UKMTO_WARNING,,,,,False,False
E042,42,test,E042,UKMTO_ADVISORY,,,,,False,False
E038,38,test,E038,UKMTO_ADVISORY,UKMTO-ADVISORY-006-25,2025-03-10,12.0,,False,False
E045,45,test,E045,UKMTO_ADVISORY,UKMTO-ADVISORY-034-25,2025-10-07,-1.0,,True,False
E042,42,test,E042,GARD,GARD-GNSS-GUIDANCE-2025-07-22,2025-07-22,-24.0,,False,False
E045,45,test,E045,UKMTO_ADVISORY,,2025-09-16,-22.0,,False,False
E045,45,test,E045,UKMTO_ADVISORY,,2025-10-16,8.0,45.0,False,False
E045,45,test,E045,UKMTO_ADVISORY,UKMTO-WARNING-036-25,2025-10-19,11.0,,False,True
E042,42,test,E042,UKMTO_WARNING,UKMTO-WARNING-028-25,2025-07-24,-22.0,,False,False
E042,42,test,E042,UKMTO_WARNING,UKMTO-WARNING-028-25,2025-07-24,-22.0,,False,True
E045,45,test,E045,UKMTO_WARNING,,2025-09-23,-15.0,44.0,False,False
E045,45,test,E045,UKMTO_WARNING,UKMTO-WARNING-033-25,2025-09-29,-9.0,,False,True
E045,45,test,E045,UKMTO_WARNING,UKMTO-WARNING-033-25,2025-09-29,-9.0,,False,False
E045,45,test,E045,UKMTO_WARNING,UKMTO-WARNING-036-25,2025-10-18,10.0,45.0,False,True
E045,45,test,E045,UKMTO_WARNING,UKMTO-WARNING-036-25,2025-10-18,10.0,45.0,False,False
E006,6,training,E006,GARD,GARD-GULF-OMAN-2019-06,,,,False,False
E006,6,training,E006,MARAD,MARAD-2019-003A,2019-06-13,13.0,,False,False
E006,6,training,E006,GARD,GARD-AIS-SANCTIONS-2019,2019-05-28,-3.0,,False,False
E006,6,training,E006,IUA_JWC_LMA,JWLA-034,2026-07-29,2616.0,51.0,False,False
E006,6,training,E006,IUA_JWC_LMA,JWLA-034,2026-07-29,2616.0,51.0,False,False
E007,7,training,E007,GARD,GARD-GULF-OMAN-2019-06,,,,False,False
E007,7,training,E007,MARAD,MARAD-2019-003A,2019-06-13,-6.0,,False,False
E007,7,training,E007,GARD,GARD-AIS-SANCTIONS-2019,2019-05-28,-22.0,,False,False
E007,7,training,E007,IUA_JWC_LMA,JWLA-034,2026-07-29,2597.0,51.0,False,False
E007,7,training,E007,IUA_JWC_LMA,JWLA-034,2026-07-29,2597.0,51.0,False,False
E027,27,training,E027,GARD,GARD-PERSIAN-GULF-GUIDANCE-2021,2021-01-06,-16.0,26.0,False,False
E027,27,training,E027,MARAD,MARAD-2021-001A,2021-01-05,-17.0,26.0,False,False
E027,27,training,E027,IUA_JWC_LMA,JWLA-034,2026-07-29,2014.0,51.0,False,False
E027,27,training,E027,IUA_JWC_LMA,JWLA-034,2026-07-29,2014.0,51.0,False,False
E029,29,training,E029,MARAD,MARAD-2021-003A,2021-02-26,-9.0,28.0,False,False
E029,29,training,E029,IUA_JWC_LMA,JWLA-034,2026-07-29,1970.0,51.0,False,False
E029,29,training,E029,IUA_JWC_LMA,JWLA-034,2026-07-29,1970.0,51.0,False,False
E031,31,validation,E031,UKMTO_ADVISORY,UKMTO-INCIDENT-038-2024,2024-02-23,-5.0,,False,False
E031,31,validation,E031,UKMTO_ADVISORY,UKMTO-INCIDENT-040-2024,2024-02-25,-3.0,,False,False
E031,31,validation,E031,UKMTO_ADVISORY,UKMTO-INCIDENT-041-2024,2024-02-27,-1.0,,False,False
E031,31,validation,E031,UKMTO_ADVISORY,UKMTO-INCIDENT-041-2024,2024-02-27,-1.0,,False,True
E031,31,validation,E031,GARD,GARD-RED-SEA-CANCELLATION-2024,2024-02-14,-14.0,,False,False
E031,31,validation,E031,GARD,GARD-RED-SEA-CANCELLATION-2024,2024-02-20,-8.0,,False,True
E031,31,validation,E031,GARD,GARD-RED-SEA-CANCELLATION-2024,,,,False,True
E031,31,validation,E031,GARD,GARD-RED-SEA-INSURANCE-COMMENTARY-2024,2024-02-28,0.0,31.0,False,False
E031,31,validation,E031,GARD,GARD-POLAR-COMMENTARY-2024,,,,False,False
E031,31,validation,E031,IUA_JWC_LMA,JWLA-034,2026-07-29,882.0,51.0,False,False
E031,31,validation,E031,IUA_JWC_LMA,JWLA-034,2026-07-29,882.0,51.0,False,False
E031,31,validation,E031,UKMTO_ADVISORY,UKMTO-INCIDENT-025-2024,2024-01-30,-29.0,,False,False
E031,31,validation,E031,UKMTO_ADVISORY,UKMTO-INCIDENT-025-2024,2024-01-30,-29.0,,False,True
E031,31,validation,E031,UKMTO_ADVISORY,UKMTO-INCIDENT-043-2024,2024-03-02,3.0,31.0,False,False
E031,31,validation,E031,UKMTO_ADVISORY,UKMTO-INCIDENT-045-2024,2024-03-06,7.0,,False,False
E031,31,validation,E031,UKMTO_ADVISORY,UKMTO-SECURITY-NOTIFICATION-2024-02-02,2024-02-02,-26.0,,False,False
E031,31,validation,E031,UKMTO_ADVISORY,UKMTO-SECURITY-NOTIFICATION-2024-02-21,2024-02-21,-7.0,,False,False
E031,31,validation,E031,UKMTO_WARNING,UKMTO-INCIDENT-024-2024,2024-01-29,-30.0,,False,False
E031,31,validation,E031,UKMTO_WARNING,UKMTO-INCIDENT-026-2024,2024-02-01,-27.0,,False,False
E031,31,validation,E031,UKMTO_WARNING,UKMTO-INCIDENT-026-2024,2024-02-01,-27.0,,False,True
E031,31,validation,E031,UKMTO_WARNING,UKMTO-INCIDENT-027-2024,2024-02-06,-22.0,,False,False
E031,31,validation,E031,UKMTO_WARNING,UKMTO-INCIDENT-027-2024,2024-02-06,-22.0,,False,True
E031,31,validation,E031,UKMTO_WARNING,UKMTO-INCIDENT-028-2024,2024-02-06,-22.0,,False,False
E031,31,validation,E031,UKMTO_WARNING,UKMTO-INCIDENT-028-2024,2024-02-06,-22.0,,False,True
E031,31,validation,E031,UKMTO_WARNING,UKMTO-INCIDENT-029-2024,2024-02-12,-16.0,,False,False
E031,31,validation,E031,UKMTO_WARNING,UKMTO-INCIDENT-029-2024,2024-02-12,-16.0,,False,True
E031,31,validation,E031,UKMTO_WARNING,UKMTO-INCIDENT-029-2024,2024-02-12,-16.0,,False,True
E031,31,validation,E031,UKMTO_WARNING,UKMTO-INCIDENT-030-2024,2024-02-15,-13.0,,False,False
E031,31,validation,E031,UKMTO_WARNING,UKMTO-INCIDENT-030-2024,2024-02-15,-13.0,,False,True
E031,31,validation,E031,UKMTO_WARNING,UKMTO-INCIDENT-031-2024,2024-02-16,-12.0,,False,False
E031,31,validation,E031,UKMTO_WARNING,UKMTO-INCIDENT-031-2024,2024-02-16,-12.0,,False,True
E031,31,validation,E031,UKMTO_WARNING,UKMTO-INCIDENT-032-2024,2024-02-18,-10.0,,False,False
E031,31,validation,E031,UKMTO_WARNING,UKMTO-INCIDENT-032-2024,2024-02-18,-10.0,,False,True
E031,31,validation,E031,UKMTO_WARNING,UKMTO-INCIDENT-032-2024,2024-02-19,-9.0,,False,True
E031,31,validation,E031,UKMTO_WARNING,UKMTO-INCIDENT-032-2024,2024-02-19,-9.0,,False,True
E031,31,validation,E031,UKMTO_WARNING,UKMTO-INCIDENT-032-2024,2024-03-02,3.0,31.0,False,True
E031,31,validation,E031,UKMTO_WARNING,UKMTO-INCIDENT-033-2024,2024-02-19,-9.0,,False,False
E031,31,validation,E031,UKMTO_WARNING,UKMTO-INCIDENT-033-2024,2024-02-19,-9.0,,False,True
E031,31,validation,E031,UKMTO_WARNING,UKMTO-INCIDENT-033-2024,2024-02-19,-9.0,,False,True
E031,31,validation,E031,UKMTO_WARNING,UKMTO-INCIDENT-034-2024,2024-02-19,-9.0,,False,False
E031,31,validation,E031,UKMTO_WARNING,UKMTO-INCIDENT-034-2024,2024-02-19,-9.0,,False,True
E031,31,validation,E031,UKMTO_WARNING,UKMTO-INCIDENT-035-2024,2024-02-19,-9.0,,False,False
E031,31,validation,E031,UKMTO_WARNING,UKMTO-INCIDENT-035-2024,2024-02-19,-9.0,,False,True
E031,31,validation,E031,UKMTO_WARNING,UKMTO-INCIDENT-037-2024,2024-02-22,-6.0,,False,False
E031,31,validation,E031,UKMTO_WARNING,UKMTO-INCIDENT-037-2024,2024-02-22,-6.0,,False,True
E031,31,validation,E031,UKMTO_WARNING,UKMTO-INCIDENT-037-2024,2024-02-22,-6.0,,False,True
E031,31,validation,E031,UKMTO_WARNING,UKMTO-INCIDENT-039-2024,2024-02-24,-4.0,,False,False
E031,31,validation,E031,UKMTO_WARNING,UKMTO-INCIDENT-039-2024,2024-02-24,-4.0,,False,True
E031,31,validation,E031,UKMTO_WARNING,UKMTO-INCIDENT-042-2024,2024-02-27,-1.0,,False,False
E031,31,validation,E031,UKMTO_WARNING,UKMTO-INCIDENT-042-2024,2024-02-27,-1.0,,False,True
E031,31,validation,E031,UKMTO_WARNING,UKMTO-INCIDENT-044-2024,2024-03-04,5.0,,False,False
E031,31,validation,E031,UKMTO_WARNING,UKMTO-INCIDENT-044-2024,2024-03-04,5.0,,False,True
E031,31,validation,E031,UKMTO_WARNING,UKMTO-INCIDENT-044-2024,2024-03-04,5.0,,False,True
E031,31,validation,E031,UKMTO_WARNING,UKMTO-INCIDENT-044-2024,2024-03-04,5.0,,False,True
E031,31,validation,E031,UKMTO_WARNING,UKMTO-INCIDENT-046-2024,2024-03-06,7.0,,False,False
E031,31,validation,E031,UKMTO_WARNING,UKMTO-INCIDENT-046-2024,2024-03-06,7.0,,False,True
E031,31,validation,E031,UKMTO_WARNING,UKMTO-INCIDENT-046-2024,2024-03-06,7.0,,False,True
E031,31,validation,E031,UKMTO_WARNING,UKMTO-INCIDENT-046-2024,2024-03-06,7.0,,False,True
E031,31,validation,E031,UKMTO_WARNING,UKMTO-INCIDENT-047-2024,2024-03-08,9.0,,False,False
E031,31,validation,E031,UKMTO_WARNING,UKMTO-INCIDENT-047-2024,2024-03-08,9.0,,False,True
E031,31,validation,E031,UKMTO_WARNING,UKMTO-INCIDENT-047-2024,2024-03-08,9.0,,False,True
E031,31,validation,E031,UKMTO_WARNING,UKMTO-INCIDENT-048-2024,2024-03-11,12.0,,False,False
E031,31,validation,E031,UKMTO_WARNING,UKMTO-INCIDENT-048-2024,2024-03-11,12.0,,False,True
E031,31,validation,E031,UKMTO_WARNING,UKMTO-INCIDENT-049-2024,2024-03-12,13.0,,False,False
E031,31,validation,E031,UKMTO_WARNING,UKMTO-INCIDENT-049-2024,2024-03-12,13.0,,False,True
E031,31,validation,E031,UKMTO_WARNING,UKMTO-INCIDENT-049-2024,2024-03-12,13.0,,False,True
E032,32,validation,E032,IUA_JWC_LMA,JWLA-034,2026-07-29,690.0,51.0,False,False
E032,32,validation,E032,IUA_JWC_LMA,JWLA-034,2026-07-29,690.0,51.0,False,False
E047,47,test,E047,GARD,GARD-COMPANY-NEWS-2025,2025-10-22,-25.0,,False,False
E047,47,test,E047,IUA_JWC_LMA,JWLA-034,2026-07-29,255.0,51.0,False,False
E047,47,test,E047,IUA_JWC_LMA,JWLA-034,2026-07-29,255.0,51.0,False,False
