baseline_id,severe_shortfall_threshold,minimum_consecutive_days,recovery_days,total_episode_count,test_episode_count,target_anchor_date,target_episode_detected,target_onset_date,target_end_date,target_onset_offset_days,target_duration_days,target_severe_days,target_maximum_shortfall_fraction,target_cumulative_capacity_loss
doy_weekday_hw7,0.2,2,3,84,2,2026-03-01,True,2026-02-26,2026-09-06,0,193,191,1.0,462390985.51733637
doy_weekday_hw7,0.2,2,5,53,1,2026-03-01,True,2026-02-26,2026-09-06,0,193,191,1.0,462390985.51733637
doy_weekday_hw7,0.2,2,7,39,1,2026-03-01,True,2026-02-26,2026-09-06,0,193,191,1.0,462390985.51733637
doy_weekday_hw7,0.2,3,3,38,2,2026-03-01,True,2026-03-01,2026-09-06,3,190,189,1.0,460356848.22020805
doy_weekday_hw7,0.2,3,5,26,1,2026-03-01,True,2026-03-01,2026-09-06,3,190,189,1.0,460356848.22020805
doy_weekday_hw7,0.2,3,7,20,1,2026-03-01,True,2026-03-01,2026-09-06,3,190,189,1.0,460356848.22020805
doy_weekday_hw7,0.2,5,3,16,2,2026-03-01,True,2026-03-01,2026-09-06,3,190,189,1.0,460356848.22020805
doy_weekday_hw7,0.2,5,5,13,2,2026-03-01,True,2026-03-01,2026-09-06,3,190,189,1.0,460356848.22020805
doy_weekday_hw7,0.2,5,7,11,2,2026-03-01,True,2026-03-01,2026-09-06,3,190,189,1.0,460356848.22020805
doy_weekday_hw7,0.3,2,3,49,2,2026-03-01,True,2026-02-26,2026-09-06,0,193,191,1.0,462390985.51733637
doy_weekday_hw7,0.3,2,5,37,1,2026-03-01,True,2026-02-26,2026-09-06,0,193,191,1.0,462390985.51733637
doy_weekday_hw7,0.3,2,7,28,1,2026-03-01,True,2026-02-26,2026-09-06,0,193,191,1.0,462390985.51733637
doy_weekday_hw7,0.3,3,3,29,2,2026-03-01,True,2026-03-01,2026-09-06,3,190,189,1.0,460356848.22020805
doy_weekday_hw7,0.3,3,5,20,1,2026-03-01,True,2026-03-01,2026-09-06,3,190,189,1.0,460356848.22020805
doy_weekday_hw7,0.3,3,7,17,1,2026-03-01,True,2026-03-01,2026-09-06,3,190,189,1.0,460356848.22020805
doy_weekday_hw7,0.3,5,3,13,1,2026-03-01,True,2026-03-01,2026-09-06,3,190,189,1.0,460356848.22020805
doy_weekday_hw7,0.3,5,5,10,1,2026-03-01,True,2026-03-01,2026-09-06,3,190,189,1.0,460356848.22020805
doy_weekday_hw7,0.3,5,7,9,1,2026-03-01,True,2026-03-01,2026-09-06,3,190,189,1.0,460356848.22020805
doy_weekday_hw7,0.4,2,3,42,3,2026-03-01,True,2026-03-01,2026-09-06,3,190,189,1.0,460356848.22020805
doy_weekday_hw7,0.4,2,5,30,2,2026-03-01,True,2026-03-01,2026-09-06,3,190,189,1.0,460356848.22020805
doy_weekday_hw7,0.4,2,7,25,2,2026-03-01,True,2026-03-01,2026-09-06,3,190,189,1.0,460356848.22020805
doy_weekday_hw7,0.4,3,3,26,1,2026-03-01,True,2026-03-01,2026-09-06,3,190,189,1.0,460356848.22020805
doy_weekday_hw7,0.4,3,5,19,1,2026-03-01,True,2026-03-01,2026-09-06,3,190,189,1.0,460356848.22020805
doy_weekday_hw7,0.4,3,7,16,1,2026-03-01,True,2026-03-01,2026-09-06,3,190,189,1.0,460356848.22020805
doy_weekday_hw7,0.4,5,3,4,1,2026-03-01,True,2026-03-01,2026-09-06,3,190,189,1.0,460356848.22020805
doy_weekday_hw7,0.4,5,5,4,1,2026-03-01,True,2026-03-01,2026-09-06,3,190,189,1.0,460356848.22020805
doy_weekday_hw7,0.4,5,7,4,1,2026-03-01,True,2026-03-01,2026-09-06,3,190,189,1.0,460356848.22020805
doy_weekday_hw7,0.5,2,3,34,1,2026-03-01,True,2026-03-01,2026-09-06,3,190,187,1.0,460356848.22020805
doy_weekday_hw7,0.5,2,5,25,1,2026-03-01,True,2026-03-01,2026-09-06,3,190,187,1.0,460356848.22020805
doy_weekday_hw7,0.5,2,7,18,1,2026-03-01,True,2026-03-01,2026-09-06,3,190,187,1.0,460356848.22020805
doy_weekday_hw7,0.5,3,3,12,1,2026-03-01,True,2026-03-01,2026-09-06,3,190,187,1.0,460356848.22020805
doy_weekday_hw7,0.5,3,5,9,1,2026-03-01,True,2026-03-01,2026-09-06,3,190,187,1.0,460356848.22020805
doy_weekday_hw7,0.5,3,7,6,1,2026-03-01,True,2026-03-01,2026-09-06,3,190,187,1.0,460356848.22020805
doy_weekday_hw7,0.5,5,3,2,1,2026-03-01,True,2026-03-01,2026-09-06,3,190,187,1.0,460356848.22020805
doy_weekday_hw7,0.5,5,5,2,1,2026-03-01,True,2026-03-01,2026-09-06,3,190,187,1.0,460356848.22020805
doy_weekday_hw7,0.5,5,7,2,1,2026-03-01,True,2026-03-01,2026-09-06,3,190,187,1.0,460356848.22020805
doy_weekday_hw7,0.7,2,3,5,3,2026-03-01,True,2026-03-01,2026-06-22,3,114,114,1.0,273801943.565578
doy_weekday_hw7,0.7,2,5,3,1,2026-03-01,True,2026-03-01,2026-09-06,3,190,181,1.0,460356848.22020805
doy_weekday_hw7,0.7,2,7,3,1,2026-03-01,True,2026-03-01,2026-09-06,3,190,181,1.0,460356848.22020805
doy_weekday_hw7,0.7,3,3,4,3,2026-03-01,True,2026-03-01,2026-06-22,3,114,114,1.0,273801943.565578
doy_weekday_hw7,0.7,3,5,2,1,2026-03-01,True,2026-03-01,2026-09-06,3,190,181,1.0,460356848.22020805
doy_weekday_hw7,0.7,3,7,2,1,2026-03-01,True,2026-03-01,2026-09-06,3,190,181,1.0,460356848.22020805
doy_weekday_hw7,0.7,5,3,2,2,2026-03-01,True,2026-03-01,2026-06-22,3,114,114,1.0,273801943.565578
doy_weekday_hw7,0.7,5,5,1,1,2026-03-01,True,2026-03-01,2026-09-06,3,190,181,1.0,460356848.22020805
doy_weekday_hw7,0.7,5,7,1,1,2026-03-01,True,2026-03-01,2026-09-06,3,190,181,1.0,460356848.22020805
doy_weekday_hw7,0.9,2,3,2,2,2026-03-01,True,2026-03-01,2026-06-17,3,109,99,1.0,262149392.62939638
doy_weekday_hw7,0.9,2,5,2,2,2026-03-01,True,2026-03-01,2026-06-21,3,113,100,1.0,271508526.1352497
doy_weekday_hw7,0.9,2,7,1,1,2026-03-01,True,2026-03-01,2026-09-06,3,190,162,1.0,460356848.22020805
doy_weekday_hw7,0.9,3,3,2,2,2026-03-01,True,2026-03-01,2026-06-17,3,109,99,1.0,262149392.62939638
doy_weekday_hw7,0.9,3,5,2,2,2026-03-01,True,2026-03-01,2026-06-21,3,113,100,1.0,271508526.1352497
doy_weekday_hw7,0.9,3,7,1,1,2026-03-01,True,2026-03-01,2026-09-06,3,190,162,1.0,460356848.22020805
doy_weekday_hw7,0.9,5,3,2,2,2026-03-01,True,2026-03-01,2026-06-17,3,109,99,1.0,262149392.62939638
doy_weekday_hw7,0.9,5,5,2,2,2026-03-01,True,2026-03-01,2026-06-21,3,113,100,1.0,271508526.1352497
doy_weekday_hw7,0.9,5,7,1,1,2026-03-01,True,2026-03-01,2026-09-06,3,190,162,1.0,460356848.22020805
doy_weekday_hw15,0.2,2,3,87,2,2026-03-01,True,2026-02-26,2026-09-06,0,193,191,1.0,463594502.87018174
doy_weekday_hw15,0.2,2,5,54,1,2026-03-01,True,2026-02-26,2026-09-06,0,193,191,1.0,463594502.87018174
doy_weekday_hw15,0.2,2,7,39,1,2026-03-01,True,2026-02-26,2026-09-06,0,193,191,1.0,463594502.87018174
doy_weekday_hw15,0.2,3,3,41,2,2026-03-01,True,2026-03-01,2026-09-06,3,190,189,1.0,461425513.83339787
doy_weekday_hw15,0.2,3,5,29,1,2026-03-01,True,2026-03-01,2026-09-06,3,190,189,1.0,461425513.83339787
doy_weekday_hw15,0.2,3,7,23,1,2026-03-01,True,2026-03-01,2026-09-06,3,190,189,1.0,461425513.83339787
doy_weekday_hw15,0.2,5,3,18,2,2026-03-01,True,2026-03-01,2026-09-06,3,190,189,1.0,461425513.83339787
doy_weekday_hw15,0.2,5,5,14,2,2026-03-01,True,2026-03-01,2026-09-06,3,190,189,1.0,461425513.83339787
doy_weekday_hw15,0.2,5,7,11,2,2026-03-01,True,2026-03-01,2026-09-06,3,190,189,1.0,461425513.83339787
doy_weekday_hw15,0.3,2,3,51,3,2026-03-01,True,2026-02-26,2026-09-06,0,193,191,1.0,463594502.87018174
doy_weekday_hw15,0.3,2,5,36,1,2026-03-01,True,2026-02-26,2026-09-06,0,193,191,1.0,463594502.87018174
doy_weekday_hw15,0.3,2,7,30,1,2026-03-01,True,2026-02-26,2026-09-06,0,193,191,1.0,463594502.87018174
doy_weekday_hw15,0.3,3,3,29,2,2026-03-01,True,2026-03-01,2026-09-06,3,190,189,1.0,461425513.83339787
doy_weekday_hw15,0.3,3,5,18,1,2026-03-01,True,2026-03-01,2026-09-06,3,190,189,1.0,461425513.83339787
doy_weekday_hw15,0.3,3,7,16,1,2026-03-01,True,2026-03-01,2026-09-06,3,190,189,1.0,461425513.83339787
doy_weekday_hw15,0.3,5,3,14,2,2026-03-01,True,2026-03-01,2026-09-06,3,190,189,1.0,461425513.83339787
doy_weekday_hw15,0.3,5,5,11,2,2026-03-01,True,2026-03-01,2026-09-06,3,190,189,1.0,461425513.83339787
doy_weekday_hw15,0.3,5,7,10,2,2026-03-01,True,2026-03-01,2026-09-06,3,190,189,1.0,461425513.83339787
doy_weekday_hw15,0.4,2,3,42,3,2026-03-01,True,2026-02-26,2026-09-06,0,193,191,1.0,463594502.87018174
doy_weekday_hw15,0.4,2,5,31,3,2026-03-01,True,2026-02-26,2026-09-06,0,193,191,1.0,463594502.87018174
doy_weekday_hw15,0.4,2,7,26,3,2026-03-01,True,2026-02-26,2026-09-06,0,193,191,1.0,463594502.87018174
doy_weekday_hw15,0.4,3,3,25,1,2026-03-01,True,2026-03-01,2026-09-06,3,190,189,1.0,461425513.83339787
doy_weekday_hw15,0.4,3,5,19,1,2026-03-01,True,2026-03-01,2026-09-06,3,190,189,1.0,461425513.83339787
doy_weekday_hw15,0.4,3,7,16,1,2026-03-01,True,2026-03-01,2026-09-06,3,190,189,1.0,461425513.83339787
doy_weekday_hw15,0.4,5,3,3,1,2026-03-01,True,2026-03-01,2026-09-06,3,190,189,1.0,461425513.83339787
doy_weekday_hw15,0.4,5,5,3,1,2026-03-01,True,2026-03-01,2026-09-06,3,190,189,1.0,461425513.83339787
doy_weekday_hw15,0.4,5,7,3,1,2026-03-01,True,2026-03-01,2026-09-06,3,190,189,1.0,461425513.83339787
doy_weekday_hw15,0.5,2,3,34,1,2026-03-01,True,2026-03-01,2026-09-06,3,190,188,1.0,461425513.83339787
doy_weekday_hw15,0.5,2,5,26,1,2026-03-01,True,2026-03-01,2026-09-06,3,190,188,1.0,461425513.83339787
doy_weekday_hw15,0.5,2,7,20,1,2026-03-01,True,2026-03-01,2026-09-06,3,190,188,1.0,461425513.83339787
doy_weekday_hw15,0.5,3,3,14,1,2026-03-01,True,2026-03-01,2026-09-06,3,190,188,1.0,461425513.83339787
doy_weekday_hw15,0.5,3,5,11,1,2026-03-01,True,2026-03-01,2026-09-06,3,190,188,1.0,461425513.83339787
doy_weekday_hw15,0.5,3,7,8,1,2026-03-01,True,2026-03-01,2026-09-06,3,190,188,1.0,461425513.83339787
doy_weekday_hw15,0.5,5,3,3,1,2026-03-01,True,2026-03-01,2026-09-06,3,190,188,1.0,461425513.83339787
doy_weekday_hw15,0.5,5,5,3,1,2026-03-01,True,2026-03-01,2026-09-06,3,190,188,1.0,461425513.83339787
doy_weekday_hw15,0.5,5,7,3,1,2026-03-01,True,2026-03-01,2026-09-06,3,190,188,1.0,461425513.83339787
doy_weekday_hw15,0.7,2,3,7,2,2026-03-01,True,2026-03-01,2026-06-22,3,114,114,1.0,274868535.7059162
doy_weekday_hw15,0.7,2,5,6,1,2026-03-01,True,2026-03-01,2026-09-06,3,190,182,1.0,461425513.83339787
doy_weekday_hw15,0.7,2,7,6,1,2026-03-01,True,2026-03-01,2026-09-06,3,190,182,1.0,461425513.83339787
doy_weekday_hw15,0.7,3,3,4,2,2026-03-01,True,2026-03-01,2026-06-22,3,114,114,1.0,274868535.7059162
doy_weekday_hw15,0.7,3,5,3,1,2026-03-01,True,2026-03-01,2026-09-06,3,190,182,1.0,461425513.83339787
doy_weekday_hw15,0.7,3,7,3,1,2026-03-01,True,2026-03-01,2026-09-06,3,190,182,1.0,461425513.83339787
doy_weekday_hw15,0.7,5,3,2,2,2026-03-01,True,2026-03-01,2026-06-22,3,114,114,1.0,274868535.7059162
doy_weekday_hw15,0.7,5,5,1,1,2026-03-01,True,2026-03-01,2026-09-06,3,190,182,1.0,461425513.83339787
doy_weekday_hw15,0.7,5,7,1,1,2026-03-01,True,2026-03-01,2026-09-06,3,190,182,1.0,461425513.83339787
doy_weekday_hw15,0.9,2,3,2,2,2026-03-01,True,2026-03-01,2026-06-17,3,109,99,1.0,263185125.28519666
doy_weekday_hw15,0.9,2,5,2,2,2026-03-01,True,2026-03-01,2026-06-21,3,113,100,1.0,272563185.9855604
doy_weekday_hw15,0.9,2,7,1,1,2026-03-01,True,2026-03-01,2026-09-06,3,190,162,1.0,461425513.83339787
doy_weekday_hw15,0.9,3,3,2,2,2026-03-01,True,2026-03-01,2026-06-17,3,109,99,1.0,263185125.28519666
doy_weekday_hw15,0.9,3,5,2,2,2026-03-01,True,2026-03-01,2026-06-21,3,113,100,1.0,272563185.9855604
doy_weekday_hw15,0.9,3,7,1,1,2026-03-01,True,2026-03-01,2026-09-06,3,190,162,1.0,461425513.83339787
doy_weekday_hw15,0.9,5,3,2,2,2026-03-01,True,2026-03-01,2026-06-17,3,109,99,1.0,263185125.28519666
doy_weekday_hw15,0.9,5,5,2,2,2026-03-01,True,2026-03-01,2026-06-21,3,113,100,1.0,272563185.9855604
doy_weekday_hw15,0.9,5,7,1,1,2026-03-01,True,2026-03-01,2026-09-06,3,190,162,1.0,461425513.83339787
doy_weekday_hw30,0.2,2,3,82,2,2026-03-01,True,2026-02-26,2026-09-06,0,193,191,1.0,459991671.2018635
doy_weekday_hw30,0.2,2,5,53,1,2026-03-01,True,2026-02-26,2026-09-06,0,193,191,1.0,459991671.2018635
doy_weekday_hw30,0.2,2,7,37,1,2026-03-01,True,2026-02-26,2026-09-06,0,193,191,1.0,459991671.2018635
doy_weekday_hw30,0.2,3,3,39,2,2026-03-01,True,2026-03-01,2026-09-06,3,190,189,1.0,457870020.1428722
doy_weekday_hw30,0.2,3,5,29,1,2026-03-01,True,2026-03-01,2026-09-06,3,190,189,1.0,457870020.1428722
doy_weekday_hw30,0.2,3,7,22,1,2026-03-01,True,2026-03-01,2026-09-06,3,190,189,1.0,457870020.1428722
doy_weekday_hw30,0.2,5,3,17,2,2026-03-01,True,2026-03-01,2026-09-06,3,190,189,1.0,457870020.1428722
doy_weekday_hw30,0.2,5,5,13,1,2026-03-01,True,2026-03-01,2026-09-06,3,190,189,1.0,457870020.1428722
doy_weekday_hw30,0.2,5,7,11,1,2026-03-01,True,2026-03-01,2026-09-06,3,190,189,1.0,457870020.1428722
doy_weekday_hw30,0.3,2,3,49,3,2026-03-01,True,2026-02-26,2026-09-06,0,193,191,1.0,459991671.2018635
doy_weekday_hw30,0.3,2,5,35,1,2026-03-01,True,2026-02-26,2026-09-06,0,193,191,1.0,459991671.2018635
doy_weekday_hw30,0.3,2,7,27,1,2026-03-01,True,2026-02-26,2026-09-06,0,193,191,1.0,459991671.2018635
doy_weekday_hw30,0.3,3,3,29,2,2026-03-01,True,2026-03-01,2026-09-06,3,190,189,1.0,457870020.1428722
doy_weekday_hw30,0.3,3,5,18,1,2026-03-01,True,2026-03-01,2026-09-06,3,190,189,1.0,457870020.1428722
doy_weekday_hw30,0.3,3,7,15,1,2026-03-01,True,2026-03-01,2026-09-06,3,190,189,1.0,457870020.1428722
doy_weekday_hw30,0.3,5,3,10,1,2026-03-01,True,2026-03-01,2026-09-06,3,190,189,1.0,457870020.1428722
doy_weekday_hw30,0.3,5,5,8,1,2026-03-01,True,2026-03-01,2026-09-06,3,190,189,1.0,457870020.1428722
doy_weekday_hw30,0.3,5,7,7,1,2026-03-01,True,2026-03-01,2026-09-06,3,190,189,1.0,457870020.1428722
doy_weekday_hw30,0.4,2,3,40,3,2026-03-01,True,2026-02-26,2026-09-06,0,193,191,1.0,459991671.2018635
doy_weekday_hw30,0.4,2,5,30,2,2026-03-01,True,2026-02-26,2026-09-06,0,193,191,1.0,459991671.2018635
doy_weekday_hw30,0.4,2,7,23,2,2026-03-01,True,2026-02-26,2026-09-06,0,193,191,1.0,459991671.2018635
doy_weekday_hw30,0.4,3,3,24,1,2026-03-01,True,2026-03-01,2026-09-06,3,190,189,1.0,457870020.1428722
doy_weekday_hw30,0.4,3,5,19,1,2026-03-01,True,2026-03-01,2026-09-06,3,190,189,1.0,457870020.1428722
doy_weekday_hw30,0.4,3,7,15,1,2026-03-01,True,2026-03-01,2026-09-06,3,190,189,1.0,457870020.1428722
doy_weekday_hw30,0.4,5,3,5,1,2026-03-01,True,2026-03-01,2026-09-06,3,190,189,1.0,457870020.1428722
doy_weekday_hw30,0.4,5,5,5,1,2026-03-01,True,2026-03-01,2026-09-06,3,190,189,1.0,457870020.1428722
doy_weekday_hw30,0.4,5,7,5,1,2026-03-01,True,2026-03-01,2026-09-06,3,190,189,1.0,457870020.1428722
doy_weekday_hw30,0.5,2,3,34,1,2026-03-01,True,2026-03-01,2026-09-06,3,190,187,1.0,457870020.1428722
doy_weekday_hw30,0.5,2,5,26,1,2026-03-01,True,2026-03-01,2026-09-06,3,190,187,1.0,457870020.1428722
doy_weekday_hw30,0.5,2,7,20,1,2026-03-01,True,2026-03-01,2026-09-06,3,190,187,1.0,457870020.1428722
doy_weekday_hw30,0.5,3,3,12,1,2026-03-01,True,2026-03-01,2026-09-06,3,190,187,1.0,457870020.1428722
doy_weekday_hw30,0.5,3,5,10,1,2026-03-01,True,2026-03-01,2026-09-06,3,190,187,1.0,457870020.1428722
doy_weekday_hw30,0.5,3,7,8,1,2026-03-01,True,2026-03-01,2026-09-06,3,190,187,1.0,457870020.1428722
doy_weekday_hw30,0.5,5,3,3,1,2026-03-01,True,2026-03-01,2026-09-06,3,190,187,1.0,457870020.1428722
doy_weekday_hw30,0.5,5,5,3,1,2026-03-01,True,2026-03-01,2026-09-06,3,190,187,1.0,457870020.1428722
doy_weekday_hw30,0.5,5,7,3,1,2026-03-01,True,2026-03-01,2026-09-06,3,190,187,1.0,457870020.1428722
doy_weekday_hw30,0.7,2,3,8,3,2026-03-01,True,2026-03-01,2026-06-22,3,114,114,1.0,273032927.60719794
doy_weekday_hw30,0.7,2,5,6,1,2026-03-01,True,2026-03-01,2026-09-06,3,190,181,1.0,457870020.1428722
doy_weekday_hw30,0.7,2,7,6,1,2026-03-01,True,2026-03-01,2026-09-06,3,190,181,1.0,457870020.1428722
doy_weekday_hw30,0.7,3,3,5,3,2026-03-01,True,2026-03-01,2026-06-22,3,114,114,1.0,273032927.60719794
doy_weekday_hw30,0.7,3,5,3,1,2026-03-01,True,2026-03-01,2026-09-06,3,190,181,1.0,457870020.1428722
doy_weekday_hw30,0.7,3,7,3,1,2026-03-01,True,2026-03-01,2026-09-06,3,190,181,1.0,457870020.1428722
doy_weekday_hw30,0.7,5,3,2,2,2026-03-01,True,2026-03-01,2026-06-22,3,114,114,1.0,273032927.60719794
doy_weekday_hw30,0.7,5,5,1,1,2026-03-01,True,2026-03-01,2026-09-06,3,190,181,1.0,457870020.1428722
doy_weekday_hw30,0.7,5,7,1,1,2026-03-01,True,2026-03-01,2026-09-06,3,190,181,1.0,457870020.1428722
doy_weekday_hw30,0.9,2,3,2,2,2026-03-01,True,2026-03-01,2026-06-17,3,109,99,1.0,261755088.05535674
doy_weekday_hw30,0.9,2,5,2,2,2026-03-01,True,2026-03-01,2026-06-21,3,113,100,1.0,270780233.60719794
doy_weekday_hw30,0.9,2,7,1,1,2026-03-01,True,2026-03-01,2026-09-06,3,190,162,1.0,457870020.1428722
doy_weekday_hw30,0.9,3,3,2,2,2026-03-01,True,2026-03-01,2026-06-17,3,109,99,1.0,261755088.05535674
doy_weekday_hw30,0.9,3,5,2,2,2026-03-01,True,2026-03-01,2026-06-21,3,113,100,1.0,270780233.60719794
doy_weekday_hw30,0.9,3,7,1,1,2026-03-01,True,2026-03-01,2026-09-06,3,190,162,1.0,457870020.1428722
doy_weekday_hw30,0.9,5,3,2,2,2026-03-01,True,2026-03-01,2026-06-17,3,109,99,1.0,261755088.05535674
doy_weekday_hw30,0.9,5,5,2,2,2026-03-01,True,2026-03-01,2026-06-21,3,113,100,1.0,270780233.60719794
doy_weekday_hw30,0.9,5,7,1,1,2026-03-01,True,2026-03-01,2026-09-06,3,190,162,1.0,457870020.1428722
month_weekday_median,0.2,2,3,79,3,2026-03-01,True,2026-02-26,2026-09-06,0,193,192,1.0,454726733.0
month_weekday_median,0.2,2,5,53,1,2026-03-01,True,2026-02-26,2026-09-06,0,193,192,1.0,454726733.0
month_weekday_median,0.2,2,7,36,0,2026-03-01,True,2025-11-16,2026-09-06,-102,295,247,1.0,504505938.0
month_weekday_median,0.2,3,3,40,3,2026-03-01,True,2026-03-01,2026-09-06,3,190,190,1.0,452327216.0
month_weekday_median,0.2,3,5,27,1,2026-03-01,True,2026-03-01,2026-09-06,3,190,190,1.0,452327216.0
month_weekday_median,0.2,3,7,19,0,2026-03-01,True,2025-11-16,2026-09-06,-102,295,247,1.0,504505938.0
month_weekday_median,0.2,5,3,16,2,2026-03-01,True,2026-03-01,2026-09-06,3,190,190,1.0,452327216.0
month_weekday_median,0.2,5,5,13,1,2026-03-01,True,2026-03-01,2026-09-06,3,190,190,1.0,452327216.0
month_weekday_median,0.2,5,7,10,0,2026-03-01,True,2025-11-21,2026-09-06,-97,290,244,1.0,502354508.5
month_weekday_median,0.3,2,3,52,4,2026-03-01,True,2026-02-26,2026-09-06,0,193,191,1.0,454726733.0
month_weekday_median,0.3,2,5,37,1,2026-03-01,True,2026-02-26,2026-09-06,0,193,191,1.0,454726733.0
month_weekday_median,0.3,2,7,29,1,2026-03-01,True,2026-02-26,2026-09-06,0,193,191,1.0,454726733.0
month_weekday_median,0.3,3,3,28,3,2026-03-01,True,2026-03-01,2026-09-06,3,190,189,1.0,452327216.0
month_weekday_median,0.3,3,5,21,1,2026-03-01,True,2026-03-01,2026-09-06,3,190,189,1.0,452327216.0
month_weekday_median,0.3,3,7,16,1,2026-03-01,True,2026-03-01,2026-09-06,3,190,189,1.0,452327216.0
month_weekday_median,0.3,5,3,10,2,2026-03-01,True,2026-03-01,2026-09-06,3,190,189,1.0,452327216.0
month_weekday_median,0.3,5,5,9,2,2026-03-01,True,2026-03-01,2026-09-06,3,190,189,1.0,452327216.0
month_weekday_median,0.3,5,7,9,2,2026-03-01,True,2026-03-01,2026-09-06,3,190,189,1.0,452327216.0
month_weekday_median,0.4,2,3,39,3,2026-03-01,True,2026-02-26,2026-09-06,0,193,191,1.0,454726733.0
month_weekday_median,0.4,2,5,28,2,2026-03-01,True,2026-02-26,2026-09-06,0,193,191,1.0,454726733.0
month_weekday_median,0.4,2,7,22,1,2026-03-01,True,2026-02-26,2026-09-06,0,193,191,1.0,454726733.0
month_weekday_median,0.4,3,3,23,1,2026-03-01,True,2026-03-01,2026-09-06,3,190,189,1.0,452327216.0
month_weekday_median,0.4,3,5,16,1,2026-03-01,True,2026-03-01,2026-09-06,3,190,189,1.0,452327216.0
month_weekday_median,0.4,3,7,13,1,2026-03-01,True,2026-03-01,2026-09-06,3,190,189,1.0,452327216.0
month_weekday_median,0.4,5,3,4,1,2026-03-01,True,2026-03-01,2026-09-06,3,190,189,1.0,452327216.0
month_weekday_median,0.4,5,5,4,1,2026-03-01,True,2026-03-01,2026-09-06,3,190,189,1.0,452327216.0
month_weekday_median,0.4,5,7,4,1,2026-03-01,True,2026-03-01,2026-09-06,3,190,189,1.0,452327216.0
month_weekday_median,0.5,2,3,31,1,2026-03-01,True,2026-03-01,2026-09-06,3,190,186,1.0,452327216.0
month_weekday_median,0.5,2,5,23,1,2026-03-01,True,2026-03-01,2026-09-06,3,190,186,1.0,452327216.0
month_weekday_median,0.5,2,7,20,1,2026-03-01,True,2026-03-01,2026-09-06,3,190,186,1.0,452327216.0
month_weekday_median,0.5,3,3,12,1,2026-03-01,True,2026-03-01,2026-09-06,3,190,186,1.0,452327216.0
month_weekday_median,0.5,3,5,10,1,2026-03-01,True,2026-03-01,2026-09-06,3,190,186,1.0,452327216.0
month_weekday_median,0.5,3,7,9,1,2026-03-01,True,2026-03-01,2026-09-06,3,190,186,1.0,452327216.0
month_weekday_median,0.5,5,3,3,1,2026-03-01,True,2026-03-01,2026-09-06,3,190,186,1.0,452327216.0
month_weekday_median,0.5,5,5,3,1,2026-03-01,True,2026-03-01,2026-09-06,3,190,186,1.0,452327216.0
month_weekday_median,0.5,5,7,3,1,2026-03-01,True,2026-03-01,2026-09-06,3,190,186,1.0,452327216.0
month_weekday_median,0.7,2,3,8,3,2026-03-01,True,2026-03-01,2026-06-22,3,114,114,1.0,268795974.5
month_weekday_median,0.7,2,5,5,1,2026-03-01,True,2026-03-01,2026-09-06,3,190,181,1.0,452327216.0
month_weekday_median,0.7,2,7,5,1,2026-03-01,True,2026-03-01,2026-09-06,3,190,181,1.0,452327216.0
month_weekday_median,0.7,3,3,5,3,2026-03-01,True,2026-03-01,2026-06-22,3,114,114,1.0,268795974.5
month_weekday_median,0.7,3,5,3,1,2026-03-01,True,2026-03-01,2026-09-06,3,190,181,1.0,452327216.0
month_weekday_median,0.7,3,7,3,1,2026-03-01,True,2026-03-01,2026-09-06,3,190,181,1.0,452327216.0
month_weekday_median,0.7,5,3,2,2,2026-03-01,True,2026-03-01,2026-06-22,3,114,114,1.0,268795974.5
month_weekday_median,0.7,5,5,1,1,2026-03-01,True,2026-03-01,2026-09-06,3,190,181,1.0,452327216.0
month_weekday_median,0.7,5,7,1,1,2026-03-01,True,2026-03-01,2026-09-06,3,190,181,1.0,452327216.0
month_weekday_median,0.9,2,3,2,2,2026-03-01,True,2026-03-01,2026-06-17,3,109,100,1.0,257205595.5
month_weekday_median,0.9,2,5,2,2,2026-03-01,True,2026-03-01,2026-06-21,3,113,101,1.0,266488790.5
month_weekday_median,0.9,2,7,1,1,2026-03-01,True,2026-03-01,2026-09-06,3,190,163,1.0,452327216.0
month_weekday_median,0.9,3,3,2,2,2026-03-01,True,2026-03-01,2026-06-17,3,109,100,1.0,257205595.5
month_weekday_median,0.9,3,5,2,2,2026-03-01,True,2026-03-01,2026-06-21,3,113,101,1.0,266488790.5
month_weekday_median,0.9,3,7,1,1,2026-03-01,True,2026-03-01,2026-09-06,3,190,163,1.0,452327216.0
month_weekday_median,0.9,5,3,2,2,2026-03-01,True,2026-03-01,2026-06-17,3,109,100,1.0,257205595.5
month_weekday_median,0.9,5,5,2,2,2026-03-01,True,2026-03-01,2026-06-21,3,113,101,1.0,266488790.5
month_weekday_median,0.9,5,7,1,1,2026-03-01,True,2026-03-01,2026-09-06,3,190,163,1.0,452327216.0
