baseline_id,severe_shortfall_threshold,minimum_consecutive_days,recovery_days,training_start_date,training_end_date,training_days,background_episode_count,background_episodes_per_year,raw_threshold_days,raw_threshold_day_fraction,episode_active_days,episode_active_day_fraction,mean_episode_duration_days,median_episode_duration_days
doy_weekday_hw7,0.2,2,3,2019-01-01,2023-12-31,1826,54,10.801256845564074,506,0.27710843373493976,445,0.24370208105147864,8.24074074074074,4.0
doy_weekday_hw7,0.2,2,5,2019-01-01,2023-12-31,1826,29,5.800674972617744,506,0.27710843373493976,603,0.3302300109529025,20.79310344827586,9.0
doy_weekday_hw7,0.2,2,7,2019-01-01,2023-12-31,1826,19,3.8004422234392115,506,0.27710843373493976,687,0.37623220153340636,36.1578947368421,17.0
doy_weekday_hw7,0.2,3,3,2019-01-01,2023-12-31,1826,24,4.800558598028478,506,0.27710843373493976,328,0.1796276013143483,13.666666666666666,9.0
doy_weekday_hw7,0.2,3,5,2019-01-01,2023-12-31,1826,15,3.0003491237677986,506,0.27710843373493976,491,0.26889375684556405,32.733333333333334,18.0
doy_weekday_hw7,0.2,3,7,2019-01-01,2023-12-31,1826,10,2.0002327491785326,506,0.27710843373493976,576,0.3154435925520263,57.6,42.0
doy_weekday_hw7,0.2,5,3,2019-01-01,2023-12-31,1826,10,2.0002327491785326,506,0.27710843373493976,232,0.12705366922234393,23.2,20.0
doy_weekday_hw7,0.2,5,5,2019-01-01,2023-12-31,1826,7,1.4001629244249727,506,0.27710843373493976,339,0.18565169769989048,48.42857142857143,32.0
doy_weekday_hw7,0.2,5,7,2019-01-01,2023-12-31,1826,5,1.0001163745892663,506,0.27710843373493976,352,0.1927710843373494,70.4,64.0
doy_weekday_hw7,0.3,2,3,2019-01-01,2023-12-31,1826,31,6.20072152245345,338,0.1851040525739321,289,0.15826944140197152,9.32258064516129,5.0
doy_weekday_hw7,0.3,2,5,2019-01-01,2023-12-31,1826,22,4.4005120481927715,338,0.1851040525739321,355,0.19441401971522454,16.136363636363637,9.0
doy_weekday_hw7,0.3,2,7,2019-01-01,2023-12-31,1826,14,2.8003258488499454,338,0.1851040525739321,446,0.244249726177437,31.857142857142858,19.0
doy_weekday_hw7,0.3,3,3,2019-01-01,2023-12-31,1826,18,3.6004189485213582,338,0.1851040525739321,242,0.13253012048192772,13.444444444444445,9.5
doy_weekday_hw7,0.3,3,5,2019-01-01,2023-12-31,1826,12,2.400279299014239,338,0.1851040525739321,277,0.15169769989047097,23.083333333333332,11.0
doy_weekday_hw7,0.3,3,7,2019-01-01,2023-12-31,1826,9,1.8002094742606791,338,0.1851040525739321,365,0.19989047097480833,40.55555555555556,27.0
doy_weekday_hw7,0.3,5,3,2019-01-01,2023-12-31,1826,9,1.8002094742606791,338,0.1851040525739321,135,0.07393209200438117,15.0,12.0
doy_weekday_hw7,0.3,5,5,2019-01-01,2023-12-31,1826,6,1.2001396495071195,338,0.1851040525739321,204,0.11171960569550932,34.0,28.5
doy_weekday_hw7,0.3,5,7,2019-01-01,2023-12-31,1826,5,1.0001163745892663,338,0.1851040525739321,273,0.14950711938663747,54.6,62.0
doy_weekday_hw7,0.4,2,3,2019-01-01,2023-12-31,1826,26,5.200605147864184,228,0.1248630887185104,191,0.10460021905805038,7.346153846153846,4.0
doy_weekday_hw7,0.4,2,5,2019-01-01,2023-12-31,1826,17,3.400395673603505,228,0.1248630887185104,250,0.13691128148959475,14.705882352941176,4.0
doy_weekday_hw7,0.4,2,7,2019-01-01,2023-12-31,1826,13,2.600302573932092,228,0.1248630887185104,271,0.1484118291347207,20.846153846153847,10.0
doy_weekday_hw7,0.4,3,3,2019-01-01,2023-12-31,1826,19,3.8004422234392115,228,0.1248630887185104,144,0.07886089813800658,7.578947368421052,5.0
doy_weekday_hw7,0.4,3,5,2019-01-01,2023-12-31,1826,12,2.400279299014239,228,0.1248630887185104,207,0.11336254107338445,17.25,11.5
doy_weekday_hw7,0.4,3,7,2019-01-01,2023-12-31,1826,10,2.0002327491785326,228,0.1248630887185104,247,0.13526834611171962,24.7,11.5
doy_weekday_hw7,0.4,5,3,2019-01-01,2023-12-31,1826,2,0.4000465498357065,228,0.1248630887185104,43,0.023548740416210297,21.5,21.5
doy_weekday_hw7,0.4,5,5,2019-01-01,2023-12-31,1826,2,0.4000465498357065,228,0.1248630887185104,67,0.03669222343921139,33.5,33.5
doy_weekday_hw7,0.4,5,7,2019-01-01,2023-12-31,1826,2,0.4000465498357065,228,0.1248630887185104,105,0.05750273822562979,52.5,52.5
doy_weekday_hw7,0.5,2,3,2019-01-01,2023-12-31,1826,26,5.200605147864184,139,0.07612267250821468,106,0.05805038335158817,4.076923076923077,3.0
doy_weekday_hw7,0.5,2,5,2019-01-01,2023-12-31,1826,17,3.400395673603505,139,0.07612267250821468,173,0.09474260679079956,10.176470588235293,8.0
doy_weekday_hw7,0.5,2,7,2019-01-01,2023-12-31,1826,10,2.0002327491785326,139,0.07612267250821468,211,0.11555312157721796,21.1,14.0
doy_weekday_hw7,0.5,3,3,2019-01-01,2023-12-31,1826,11,2.2002560240963858,139,0.07612267250821468,52,0.028477546549835708,4.7272727272727275,3.0
doy_weekday_hw7,0.5,3,5,2019-01-01,2023-12-31,1826,8,1.600186199342826,139,0.07612267250821468,102,0.05585980284775466,12.75,11.5
doy_weekday_hw7,0.5,3,7,2019-01-01,2023-12-31,1826,5,1.0001163745892663,139,0.07612267250821468,140,0.07667031763417305,28.0,15.0
doy_weekday_hw7,0.5,5,3,2019-01-01,2023-12-31,1826,1,0.20002327491785324,139,0.07612267250821468,5,0.002738225629791895,5.0,5.0
doy_weekday_hw7,0.5,5,5,2019-01-01,2023-12-31,1826,1,0.20002327491785324,139,0.07612267250821468,17,0.009309967141292442,17.0,17.0
doy_weekday_hw7,0.5,5,7,2019-01-01,2023-12-31,1826,1,0.20002327491785324,139,0.07612267250821468,34,0.018619934282584884,34.0,34.0
doy_weekday_hw7,0.7,2,3,2019-01-01,2023-12-31,1826,2,0.4000465498357065,34,0.018619934282584884,8,0.004381161007667032,4.0,4.0
doy_weekday_hw7,0.7,2,5,2019-01-01,2023-12-31,1826,2,0.4000465498357065,34,0.018619934282584884,8,0.004381161007667032,4.0,4.0
doy_weekday_hw7,0.7,2,7,2019-01-01,2023-12-31,1826,2,0.4000465498357065,34,0.018619934282584884,8,0.004381161007667032,4.0,4.0
doy_weekday_hw7,0.7,3,3,2019-01-01,2023-12-31,1826,1,0.20002327491785324,34,0.018619934282584884,3,0.0016429353778751369,3.0,3.0
doy_weekday_hw7,0.7,3,5,2019-01-01,2023-12-31,1826,1,0.20002327491785324,34,0.018619934282584884,3,0.0016429353778751369,3.0,3.0
doy_weekday_hw7,0.7,3,7,2019-01-01,2023-12-31,1826,1,0.20002327491785324,34,0.018619934282584884,3,0.0016429353778751369,3.0,3.0
doy_weekday_hw7,0.7,5,3,2019-01-01,2023-12-31,1826,0,0.0,34,0.018619934282584884,0,0.0,0.0,0.0
doy_weekday_hw7,0.7,5,5,2019-01-01,2023-12-31,1826,0,0.0,34,0.018619934282584884,0,0.0,0.0,0.0
doy_weekday_hw7,0.7,5,7,2019-01-01,2023-12-31,1826,0,0.0,34,0.018619934282584884,0,0.0,0.0,0.0
doy_weekday_hw7,0.9,2,3,2019-01-01,2023-12-31,1826,0,0.0,2,0.001095290251916758,0,0.0,0.0,0.0
doy_weekday_hw7,0.9,2,5,2019-01-01,2023-12-31,1826,0,0.0,2,0.001095290251916758,0,0.0,0.0,0.0
doy_weekday_hw7,0.9,2,7,2019-01-01,2023-12-31,1826,0,0.0,2,0.001095290251916758,0,0.0,0.0,0.0
doy_weekday_hw7,0.9,3,3,2019-01-01,2023-12-31,1826,0,0.0,2,0.001095290251916758,0,0.0,0.0,0.0
doy_weekday_hw7,0.9,3,5,2019-01-01,2023-12-31,1826,0,0.0,2,0.001095290251916758,0,0.0,0.0,0.0
doy_weekday_hw7,0.9,3,7,2019-01-01,2023-12-31,1826,0,0.0,2,0.001095290251916758,0,0.0,0.0,0.0
doy_weekday_hw7,0.9,5,3,2019-01-01,2023-12-31,1826,0,0.0,2,0.001095290251916758,0,0.0,0.0,0.0
doy_weekday_hw7,0.9,5,5,2019-01-01,2023-12-31,1826,0,0.0,2,0.001095290251916758,0,0.0,0.0,0.0
doy_weekday_hw7,0.9,5,7,2019-01-01,2023-12-31,1826,0,0.0,2,0.001095290251916758,0,0.0,0.0,0.0
doy_weekday_hw15,0.2,2,3,2019-01-01,2023-12-31,1826,56,11.201303395399782,507,0.27765607886089816,446,0.244249726177437,7.964285714285714,4.0
doy_weekday_hw15,0.2,2,5,2019-01-01,2023-12-31,1826,31,6.20072152245345,507,0.27765607886089816,612,0.33515881708652795,19.741935483870968,7.0
doy_weekday_hw15,0.2,2,7,2019-01-01,2023-12-31,1826,20,4.000465498357065,507,0.27765607886089816,748,0.40963855421686746,37.4,14.5
doy_weekday_hw15,0.2,3,3,2019-01-01,2023-12-31,1826,26,5.200605147864184,507,0.27765607886089816,339,0.18565169769989048,13.038461538461538,9.0
doy_weekday_hw15,0.2,3,5,2019-01-01,2023-12-31,1826,17,3.400395673603505,507,0.27765607886089816,515,0.28203723986856516,30.294117647058822,14.0
doy_weekday_hw15,0.2,3,7,2019-01-01,2023-12-31,1826,11,2.2002560240963858,507,0.27765607886089816,611,0.33461117196056955,55.54545454545455,44.0
doy_weekday_hw15,0.2,5,3,2019-01-01,2023-12-31,1826,12,2.400279299014239,507,0.27765607886089816,241,0.13198247535596933,20.083333333333332,18.0
doy_weekday_hw15,0.2,5,5,2019-01-01,2023-12-31,1826,8,1.600186199342826,507,0.27765607886089816,352,0.1927710843373494,44.0,28.5
doy_weekday_hw15,0.2,5,7,2019-01-01,2023-12-31,1826,5,1.0001163745892663,507,0.27765607886089816,433,0.23713033953997809,86.6,74.0
doy_weekday_hw15,0.3,2,3,2019-01-01,2023-12-31,1826,30,6.000698247535597,341,0.18674698795180722,274,0.15005476451259583,9.133333333333333,5.5
doy_weekday_hw15,0.3,2,5,2019-01-01,2023-12-31,1826,19,3.8004422234392115,341,0.18674698795180722,391,0.21412924424972618,20.57894736842105,10.0
doy_weekday_hw15,0.3,2,7,2019-01-01,2023-12-31,1826,14,2.8003258488499454,341,0.18674698795180722,447,0.2447973713033954,31.928571428571427,16.0
doy_weekday_hw15,0.3,3,3,2019-01-01,2023-12-31,1826,21,4.200488773274918,341,0.18674698795180722,224,0.12267250821467689,10.666666666666666,7.0
doy_weekday_hw15,0.3,3,5,2019-01-01,2023-12-31,1826,12,2.400279299014239,341,0.18674698795180722,323,0.1768893756845564,26.916666666666668,15.0
doy_weekday_hw15,0.3,3,7,2019-01-01,2023-12-31,1826,10,2.0002327491785326,341,0.18674698795180722,374,0.20481927710843373,37.4,20.5
doy_weekday_hw15,0.3,5,3,2019-01-01,2023-12-31,1826,9,1.8002094742606791,341,0.18674698795180722,128,0.0700985761226725,14.222222222222221,12.0
doy_weekday_hw15,0.3,5,5,2019-01-01,2023-12-31,1826,6,1.2001396495071195,341,0.18674698795180722,232,0.12705366922234393,38.666666666666664,32.5
doy_weekday_hw15,0.3,5,7,2019-01-01,2023-12-31,1826,5,1.0001163745892663,341,0.18674698795180722,269,0.14731653888280394,53.8,64.0
doy_weekday_hw15,0.4,2,3,2019-01-01,2023-12-31,1826,27,5.400628422782037,230,0.12595837897042717,191,0.10460021905805038,7.074074074074074,4.0
doy_weekday_hw15,0.4,2,5,2019-01-01,2023-12-31,1826,17,3.400395673603505,230,0.12595837897042717,254,0.13910186199342825,14.941176470588236,6.0
doy_weekday_hw15,0.4,2,7,2019-01-01,2023-12-31,1826,12,2.400279299014239,230,0.12595837897042717,294,0.16100766703176342,24.5,11.0
doy_weekday_hw15,0.4,3,3,2019-01-01,2023-12-31,1826,18,3.6004189485213582,230,0.12595837897042717,137,0.07502738225629792,7.611111111111111,5.0
doy_weekday_hw15,0.4,3,5,2019-01-01,2023-12-31,1826,12,2.400279299014239,230,0.12595837897042717,203,0.11117196056955093,16.916666666666668,11.5
doy_weekday_hw15,0.4,3,7,2019-01-01,2023-12-31,1826,9,1.8002094742606791,230,0.12595837897042717,270,0.14786418400876233,30.0,13.0
doy_weekday_hw15,0.4,5,3,2019-01-01,2023-12-31,1826,2,0.4000465498357065,230,0.12595837897042717,38,0.0208105147864184,19.0,19.0
doy_weekday_hw15,0.4,5,5,2019-01-01,2023-12-31,1826,2,0.4000465498357065,230,0.12595837897042717,69,0.03778751369112815,34.5,34.5
doy_weekday_hw15,0.4,5,7,2019-01-01,2023-12-31,1826,2,0.4000465498357065,230,0.12595837897042717,107,0.05859802847754655,53.5,53.5
doy_weekday_hw15,0.5,2,3,2019-01-01,2023-12-31,1826,25,5.000581872946331,149,0.08159912376779847,108,0.05914567360350493,4.32,3.0
doy_weekday_hw15,0.5,2,5,2019-01-01,2023-12-31,1826,17,3.400395673603505,149,0.08159912376779847,172,0.09419496166484119,10.117647058823529,7.0
doy_weekday_hw15,0.5,2,7,2019-01-01,2023-12-31,1826,11,2.2002560240963858,149,0.08159912376779847,220,0.12048192771084337,20.0,12.0
doy_weekday_hw15,0.5,3,3,2019-01-01,2023-12-31,1826,12,2.400279299014239,149,0.08159912376779847,68,0.03723986856516977,5.666666666666667,3.0
doy_weekday_hw15,0.5,3,5,2019-01-01,2023-12-31,1826,9,1.8002094742606791,149,0.08159912376779847,134,0.07338444687842278,14.88888888888889,13.0
doy_weekday_hw15,0.5,3,7,2019-01-01,2023-12-31,1826,6,1.2001396495071195,149,0.08159912376779847,184,0.10076670317634173,30.666666666666668,27.0
doy_weekday_hw15,0.5,5,3,2019-01-01,2023-12-31,1826,2,0.4000465498357065,149,0.08159912376779847,20,0.01095290251916758,10.0,10.0
doy_weekday_hw15,0.5,5,5,2019-01-01,2023-12-31,1826,2,0.4000465498357065,149,0.08159912376779847,28,0.01533406352683461,14.0,14.0
doy_weekday_hw15,0.5,5,7,2019-01-01,2023-12-31,1826,2,0.4000465498357065,149,0.08159912376779847,57,0.0312157721796276,28.5,28.5
doy_weekday_hw15,0.7,2,3,2019-01-01,2023-12-31,1826,5,1.0001163745892663,39,0.02135815991237678,17,0.009309967141292442,3.4,3.0
doy_weekday_hw15,0.7,2,5,2019-01-01,2023-12-31,1826,5,1.0001163745892663,39,0.02135815991237678,17,0.009309967141292442,3.4,3.0
doy_weekday_hw15,0.7,2,7,2019-01-01,2023-12-31,1826,5,1.0001163745892663,39,0.02135815991237678,17,0.009309967141292442,3.4,3.0
doy_weekday_hw15,0.7,3,3,2019-01-01,2023-12-31,1826,2,0.4000465498357065,39,0.02135815991237678,8,0.004381161007667032,4.0,4.0
doy_weekday_hw15,0.7,3,5,2019-01-01,2023-12-31,1826,2,0.4000465498357065,39,0.02135815991237678,8,0.004381161007667032,4.0,4.0
doy_weekday_hw15,0.7,3,7,2019-01-01,2023-12-31,1826,2,0.4000465498357065,39,0.02135815991237678,8,0.004381161007667032,4.0,4.0
doy_weekday_hw15,0.7,5,3,2019-01-01,2023-12-31,1826,0,0.0,39,0.02135815991237678,0,0.0,0.0,0.0
doy_weekday_hw15,0.7,5,5,2019-01-01,2023-12-31,1826,0,0.0,39,0.02135815991237678,0,0.0,0.0,0.0
doy_weekday_hw15,0.7,5,7,2019-01-01,2023-12-31,1826,0,0.0,39,0.02135815991237678,0,0.0,0.0,0.0
doy_weekday_hw15,0.9,2,3,2019-01-01,2023-12-31,1826,0,0.0,2,0.001095290251916758,0,0.0,0.0,0.0
doy_weekday_hw15,0.9,2,5,2019-01-01,2023-12-31,1826,0,0.0,2,0.001095290251916758,0,0.0,0.0,0.0
doy_weekday_hw15,0.9,2,7,2019-01-01,2023-12-31,1826,0,0.0,2,0.001095290251916758,0,0.0,0.0,0.0
doy_weekday_hw15,0.9,3,3,2019-01-01,2023-12-31,1826,0,0.0,2,0.001095290251916758,0,0.0,0.0,0.0
doy_weekday_hw15,0.9,3,5,2019-01-01,2023-12-31,1826,0,0.0,2,0.001095290251916758,0,0.0,0.0,0.0
doy_weekday_hw15,0.9,3,7,2019-01-01,2023-12-31,1826,0,0.0,2,0.001095290251916758,0,0.0,0.0,0.0
doy_weekday_hw15,0.9,5,3,2019-01-01,2023-12-31,1826,0,0.0,2,0.001095290251916758,0,0.0,0.0,0.0
doy_weekday_hw15,0.9,5,5,2019-01-01,2023-12-31,1826,0,0.0,2,0.001095290251916758,0,0.0,0.0,0.0
doy_weekday_hw15,0.9,5,7,2019-01-01,2023-12-31,1826,0,0.0,2,0.001095290251916758,0,0.0,0.0,0.0
doy_weekday_hw30,0.2,2,3,2019-01-01,2023-12-31,1826,54,10.801256845564074,496,0.27163198247535597,441,0.2415115005476451,8.166666666666666,4.5
doy_weekday_hw30,0.2,2,5,2019-01-01,2023-12-31,1826,31,6.20072152245345,496,0.27163198247535597,592,0.32420591456736036,19.096774193548388,7.0
doy_weekday_hw30,0.2,2,7,2019-01-01,2023-12-31,1826,21,4.200488773274918,496,0.27163198247535597,716,0.39211391018619934,34.095238095238095,12.0
doy_weekday_hw30,0.2,3,3,2019-01-01,2023-12-31,1826,25,5.000581872946331,496,0.27163198247535597,322,0.17634173055859803,12.88,6.0
doy_weekday_hw30,0.2,3,5,2019-01-01,2023-12-31,1826,17,3.400395673603505,496,0.27163198247535597,450,0.24644030668127054,26.470588235294116,9.0
doy_weekday_hw30,0.2,3,7,2019-01-01,2023-12-31,1826,11,2.2002560240963858,496,0.27163198247535597,521,0.2853231106243154,47.36363636363637,38.0
doy_weekday_hw30,0.2,5,3,2019-01-01,2023-12-31,1826,10,2.0002327491785326,496,0.27163198247535597,220,0.12048192771084337,22.0,20.0
doy_weekday_hw30,0.2,5,5,2019-01-01,2023-12-31,1826,7,1.4001629244249727,496,0.27163198247535597,341,0.18674698795180722,48.714285714285715,31.0
doy_weekday_hw30,0.2,5,7,2019-01-01,2023-12-31,1826,5,1.0001163745892663,496,0.27163198247535597,364,0.19934282584884994,72.8,64.0
doy_weekday_hw30,0.3,2,3,2019-01-01,2023-12-31,1826,28,5.600651697699891,329,0.1801752464403067,268,0.14676889375684557,9.571428571428571,5.5
doy_weekday_hw30,0.3,2,5,2019-01-01,2023-12-31,1826,19,3.8004422234392115,329,0.1801752464403067,358,0.19605695509309967,18.842105263157894,9.0
doy_weekday_hw30,0.3,2,7,2019-01-01,2023-12-31,1826,12,2.400279299014239,329,0.1801752464403067,455,0.24917853231106243,37.916666666666664,25.0
doy_weekday_hw30,0.3,3,3,2019-01-01,2023-12-31,1826,20,4.000465498357065,329,0.1801752464403067,227,0.12431544359255203,11.35,7.0
doy_weekday_hw30,0.3,3,5,2019-01-01,2023-12-31,1826,12,2.400279299014239,329,0.1801752464403067,300,0.16429353778751368,25.0,15.0
doy_weekday_hw30,0.3,3,7,2019-01-01,2023-12-31,1826,9,1.8002094742606791,329,0.1801752464403067,400,0.21905805038335158,44.44444444444444,29.0
doy_weekday_hw30,0.3,5,3,2019-01-01,2023-12-31,1826,8,1.600186199342826,329,0.1801752464403067,109,0.059693318729463304,13.625,10.0
doy_weekday_hw30,0.3,5,5,2019-01-01,2023-12-31,1826,6,1.2001396495071195,329,0.1801752464403067,204,0.11171960569550932,34.0,24.5
doy_weekday_hw30,0.3,5,7,2019-01-01,2023-12-31,1826,5,1.0001163745892663,329,0.1801752464403067,268,0.14676889375684557,53.6,57.0
doy_weekday_hw30,0.4,2,3,2019-01-01,2023-12-31,1826,26,5.200605147864184,232,0.12705366922234393,194,0.10624315443592552,7.461538461538462,4.5
doy_weekday_hw30,0.4,2,5,2019-01-01,2023-12-31,1826,18,3.6004189485213582,232,0.12705366922234393,249,0.13636363636363635,13.833333333333334,8.0
doy_weekday_hw30,0.4,2,7,2019-01-01,2023-12-31,1826,12,2.400279299014239,232,0.12705366922234393,294,0.16100766703176342,24.5,11.0
doy_weekday_hw30,0.4,3,3,2019-01-01,2023-12-31,1826,18,3.6004189485213582,232,0.12705366922234393,151,0.08269441401971522,8.38888888888889,5.5
doy_weekday_hw30,0.4,3,5,2019-01-01,2023-12-31,1826,13,2.600302573932092,232,0.12705366922234393,204,0.11171960569550932,15.692307692307692,10.0
doy_weekday_hw30,0.4,3,7,2019-01-01,2023-12-31,1826,9,1.8002094742606791,232,0.12705366922234393,276,0.1511500547645126,30.666666666666668,19.0
doy_weekday_hw30,0.4,5,3,2019-01-01,2023-12-31,1826,4,0.800093099671413,232,0.12705366922234393,69,0.03778751369112815,17.25,18.5
doy_weekday_hw30,0.4,5,5,2019-01-01,2023-12-31,1826,4,0.800093099671413,232,0.12705366922234393,95,0.052026286966046005,23.75,23.5
doy_weekday_hw30,0.4,5,7,2019-01-01,2023-12-31,1826,4,0.800093099671413,232,0.12705366922234393,156,0.08543263964950712,39.0,29.0
doy_weekday_hw30,0.5,2,3,2019-01-01,2023-12-31,1826,25,5.000581872946331,150,0.08214676889375684,111,0.06078860898138007,4.44,2.0
doy_weekday_hw30,0.5,2,5,2019-01-01,2023-12-31,1826,17,3.400395673603505,150,0.08214676889375684,170,0.09309967141292443,10.0,7.0
doy_weekday_hw30,0.5,2,7,2019-01-01,2023-12-31,1826,11,2.2002560240963858,150,0.08214676889375684,218,0.11938663745892661,19.818181818181817,12.0
doy_weekday_hw30,0.5,3,3,2019-01-01,2023-12-31,1826,10,2.0002327491785326,150,0.08214676889375684,67,0.03669222343921139,6.7,4.5
doy_weekday_hw30,0.5,3,5,2019-01-01,2023-12-31,1826,8,1.600186199342826,150,0.08214676889375684,103,0.05640744797371303,12.875,11.5
doy_weekday_hw30,0.5,3,7,2019-01-01,2023-12-31,1826,6,1.2001396495071195,150,0.08214676889375684,148,0.08105147864184009,24.666666666666668,18.0
doy_weekday_hw30,0.5,5,3,2019-01-01,2023-12-31,1826,2,0.4000465498357065,150,0.08214676889375684,20,0.01095290251916758,10.0,10.0
doy_weekday_hw30,0.5,5,5,2019-01-01,2023-12-31,1826,2,0.4000465498357065,150,0.08214676889375684,28,0.01533406352683461,14.0,14.0
doy_weekday_hw30,0.5,5,7,2019-01-01,2023-12-31,1826,2,0.4000465498357065,150,0.08214676889375684,57,0.0312157721796276,28.5,28.5
doy_weekday_hw30,0.7,2,3,2019-01-01,2023-12-31,1826,5,1.0001163745892663,40,0.02190580503833516,17,0.009309967141292442,3.4,3.0
doy_weekday_hw30,0.7,2,5,2019-01-01,2023-12-31,1826,5,1.0001163745892663,40,0.02190580503833516,17,0.009309967141292442,3.4,3.0
doy_weekday_hw30,0.7,2,7,2019-01-01,2023-12-31,1826,5,1.0001163745892663,40,0.02190580503833516,17,0.009309967141292442,3.4,3.0
doy_weekday_hw30,0.7,3,3,2019-01-01,2023-12-31,1826,2,0.4000465498357065,40,0.02190580503833516,8,0.004381161007667032,4.0,4.0
doy_weekday_hw30,0.7,3,5,2019-01-01,2023-12-31,1826,2,0.4000465498357065,40,0.02190580503833516,8,0.004381161007667032,4.0,4.0
doy_weekday_hw30,0.7,3,7,2019-01-01,2023-12-31,1826,2,0.4000465498357065,40,0.02190580503833516,8,0.004381161007667032,4.0,4.0
doy_weekday_hw30,0.7,5,3,2019-01-01,2023-12-31,1826,0,0.0,40,0.02190580503833516,0,0.0,0.0,0.0
doy_weekday_hw30,0.7,5,5,2019-01-01,2023-12-31,1826,0,0.0,40,0.02190580503833516,0,0.0,0.0,0.0
doy_weekday_hw30,0.7,5,7,2019-01-01,2023-12-31,1826,0,0.0,40,0.02190580503833516,0,0.0,0.0,0.0
doy_weekday_hw30,0.9,2,3,2019-01-01,2023-12-31,1826,0,0.0,2,0.001095290251916758,0,0.0,0.0,0.0
doy_weekday_hw30,0.9,2,5,2019-01-01,2023-12-31,1826,0,0.0,2,0.001095290251916758,0,0.0,0.0,0.0
doy_weekday_hw30,0.9,2,7,2019-01-01,2023-12-31,1826,0,0.0,2,0.001095290251916758,0,0.0,0.0,0.0
doy_weekday_hw30,0.9,3,3,2019-01-01,2023-12-31,1826,0,0.0,2,0.001095290251916758,0,0.0,0.0,0.0
doy_weekday_hw30,0.9,3,5,2019-01-01,2023-12-31,1826,0,0.0,2,0.001095290251916758,0,0.0,0.0,0.0
doy_weekday_hw30,0.9,3,7,2019-01-01,2023-12-31,1826,0,0.0,2,0.001095290251916758,0,0.0,0.0,0.0
doy_weekday_hw30,0.9,5,3,2019-01-01,2023-12-31,1826,0,0.0,2,0.001095290251916758,0,0.0,0.0,0.0
doy_weekday_hw30,0.9,5,5,2019-01-01,2023-12-31,1826,0,0.0,2,0.001095290251916758,0,0.0,0.0,0.0
doy_weekday_hw30,0.9,5,7,2019-01-01,2023-12-31,1826,0,0.0,2,0.001095290251916758,0,0.0,0.0,0.0
month_weekday_median,0.2,2,3,2019-01-01,2023-12-31,1826,48,9.601117196056956,462,0.25301204819277107,390,0.21358159912376778,8.125,4.5
month_weekday_median,0.2,2,5,2019-01-01,2023-12-31,1826,32,6.400744797371304,462,0.25301204819277107,527,0.28860898138006574,16.46875,9.5
month_weekday_median,0.2,2,7,2019-01-01,2023-12-31,1826,21,4.200488773274918,462,0.25301204819277107,650,0.3559693318729463,30.952380952380953,10.0
month_weekday_median,0.2,3,3,2019-01-01,2023-12-31,1826,24,4.800558598028478,462,0.25301204819277107,287,0.15717415115005476,11.958333333333334,8.0
month_weekday_median,0.2,3,5,2019-01-01,2023-12-31,1826,16,3.200372398685652,462,0.25301204819277107,398,0.21796276013143484,24.875,12.0
month_weekday_median,0.2,3,7,2019-01-01,2023-12-31,1826,10,2.0002327491785326,462,0.25301204819277107,493,0.26998904709748084,49.3,42.0
month_weekday_median,0.2,5,3,2019-01-01,2023-12-31,1826,10,2.0002327491785326,462,0.25301204819277107,183,0.10021905805038335,18.3,17.5
month_weekday_median,0.2,5,5,2019-01-01,2023-12-31,1826,8,1.600186199342826,462,0.25301204819277107,331,0.18127053669222343,41.375,25.0
month_weekday_median,0.2,5,7,2019-01-01,2023-12-31,1826,6,1.2001396495071195,462,0.25301204819277107,356,0.1949616648411829,59.333333333333336,56.5
month_weekday_median,0.3,2,3,2019-01-01,2023-12-31,1826,29,5.800674972617744,319,0.1746987951807229,258,0.14129244249726178,8.89655172413793,5.0
month_weekday_median,0.3,2,5,2019-01-01,2023-12-31,1826,21,4.200488773274918,319,0.1746987951807229,338,0.1851040525739321,16.095238095238095,10.0
month_weekday_median,0.3,2,7,2019-01-01,2023-12-31,1826,14,2.8003258488499454,319,0.1746987951807229,402,0.22015334063526834,28.714285714285715,16.0
month_weekday_median,0.3,3,3,2019-01-01,2023-12-31,1826,17,3.400395673603505,319,0.1746987951807229,218,0.11938663745892661,12.823529411764707,7.0
month_weekday_median,0.3,3,5,2019-01-01,2023-12-31,1826,13,2.600302573932092,319,0.1746987951807229,263,0.14403066812705367,20.23076923076923,12.0
month_weekday_median,0.3,3,7,2019-01-01,2023-12-31,1826,9,1.8002094742606791,319,0.1746987951807229,319,0.1746987951807229,35.44444444444444,19.0
month_weekday_median,0.3,5,3,2019-01-01,2023-12-31,1826,6,1.2001396495071195,319,0.1746987951807229,122,0.06681270536692223,20.333333333333332,19.5
month_weekday_median,0.3,5,5,2019-01-01,2023-12-31,1826,5,1.0001163745892663,319,0.1746987951807229,195,0.10679079956188389,39.0,30.0
month_weekday_median,0.3,5,7,2019-01-01,2023-12-31,1826,5,1.0001163745892663,319,0.1746987951807229,275,0.15060240963855423,55.0,46.0
month_weekday_median,0.4,2,3,2019-01-01,2023-12-31,1826,25,5.000581872946331,213,0.11664841182913473,174,0.09529025191675794,6.96,4.0
month_weekday_median,0.4,2,5,2019-01-01,2023-12-31,1826,16,3.200372398685652,213,0.11664841182913473,223,0.1221248630887185,13.9375,6.5
month_weekday_median,0.4,2,7,2019-01-01,2023-12-31,1826,12,2.400279299014239,213,0.11664841182913473,264,0.14457831325301204,22.0,14.5
month_weekday_median,0.4,3,3,2019-01-01,2023-12-31,1826,16,3.200372398685652,213,0.11664841182913473,109,0.059693318729463304,6.8125,4.0
month_weekday_median,0.4,3,5,2019-01-01,2023-12-31,1826,9,1.8002094742606791,213,0.11664841182913473,186,0.10186199342825848,20.666666666666668,13.0
month_weekday_median,0.4,3,7,2019-01-01,2023-12-31,1826,7,1.4001629244249727,213,0.11664841182913473,229,0.1254107338444688,32.714285714285715,28.0
month_weekday_median,0.4,5,3,2019-01-01,2023-12-31,1826,2,0.4000465498357065,213,0.11664841182913473,33,0.018072289156626505,16.5,16.5
month_weekday_median,0.4,5,5,2019-01-01,2023-12-31,1826,2,0.4000465498357065,213,0.11664841182913473,47,0.02573932092004381,23.5,23.5
month_weekday_median,0.4,5,7,2019-01-01,2023-12-31,1826,2,0.4000465498357065,213,0.11664841182913473,84,0.04600219058050383,42.0,42.0
month_weekday_median,0.5,2,3,2019-01-01,2023-12-31,1826,23,4.600535323110624,142,0.07776560788608981,116,0.06352683461117196,5.043478260869565,3.0
month_weekday_median,0.5,2,5,2019-01-01,2023-12-31,1826,15,3.0003491237677986,142,0.07776560788608981,177,0.09693318729463307,11.8,8.0
month_weekday_median,0.5,2,7,2019-01-01,2023-12-31,1826,12,2.400279299014239,142,0.07776560788608981,199,0.10898138006571742,16.583333333333332,13.5
month_weekday_median,0.5,3,3,2019-01-01,2023-12-31,1826,9,1.8002094742606791,142,0.07776560788608981,59,0.03231106243154436,6.555555555555555,4.0
month_weekday_median,0.5,3,5,2019-01-01,2023-12-31,1826,7,1.4001629244249727,142,0.07776560788608981,107,0.05859802847754655,15.285714285714286,21.0
month_weekday_median,0.5,3,7,2019-01-01,2023-12-31,1826,6,1.2001396495071195,142,0.07776560788608981,131,0.07174151150054764,21.833333333333332,22.5
month_weekday_median,0.5,5,3,2019-01-01,2023-12-31,1826,2,0.4000465498357065,142,0.07776560788608981,20,0.01095290251916758,10.0,10.0
month_weekday_median,0.5,5,5,2019-01-01,2023-12-31,1826,2,0.4000465498357065,142,0.07776560788608981,40,0.02190580503833516,20.0,20.0
month_weekday_median,0.5,5,7,2019-01-01,2023-12-31,1826,2,0.4000465498357065,142,0.07776560788608981,57,0.0312157721796276,28.5,28.5
month_weekday_median,0.7,2,3,2019-01-01,2023-12-31,1826,5,1.0001163745892663,36,0.019715224534501644,14,0.007667031763417305,2.8,2.0
month_weekday_median,0.7,2,5,2019-01-01,2023-12-31,1826,4,0.800093099671413,36,0.019715224534501644,17,0.009309967141292442,4.25,2.5
month_weekday_median,0.7,2,7,2019-01-01,2023-12-31,1826,4,0.800093099671413,36,0.019715224534501644,17,0.009309967141292442,4.25,2.5
month_weekday_median,0.7,3,3,2019-01-01,2023-12-31,1826,2,0.4000465498357065,36,0.019715224534501644,8,0.004381161007667032,4.0,4.0
month_weekday_median,0.7,3,5,2019-01-01,2023-12-31,1826,2,0.4000465498357065,36,0.019715224534501644,8,0.004381161007667032,4.0,4.0
month_weekday_median,0.7,3,7,2019-01-01,2023-12-31,1826,2,0.4000465498357065,36,0.019715224534501644,8,0.004381161007667032,4.0,4.0
month_weekday_median,0.7,5,3,2019-01-01,2023-12-31,1826,0,0.0,36,0.019715224534501644,0,0.0,0.0,0.0
month_weekday_median,0.7,5,5,2019-01-01,2023-12-31,1826,0,0.0,36,0.019715224534501644,0,0.0,0.0,0.0
month_weekday_median,0.7,5,7,2019-01-01,2023-12-31,1826,0,0.0,36,0.019715224534501644,0,0.0,0.0,0.0
month_weekday_median,0.9,2,3,2019-01-01,2023-12-31,1826,0,0.0,2,0.001095290251916758,0,0.0,0.0,0.0
month_weekday_median,0.9,2,5,2019-01-01,2023-12-31,1826,0,0.0,2,0.001095290251916758,0,0.0,0.0,0.0
month_weekday_median,0.9,2,7,2019-01-01,2023-12-31,1826,0,0.0,2,0.001095290251916758,0,0.0,0.0,0.0
month_weekday_median,0.9,3,3,2019-01-01,2023-12-31,1826,0,0.0,2,0.001095290251916758,0,0.0,0.0,0.0
month_weekday_median,0.9,3,5,2019-01-01,2023-12-31,1826,0,0.0,2,0.001095290251916758,0,0.0,0.0,0.0
month_weekday_median,0.9,3,7,2019-01-01,2023-12-31,1826,0,0.0,2,0.001095290251916758,0,0.0,0.0,0.0
month_weekday_median,0.9,5,3,2019-01-01,2023-12-31,1826,0,0.0,2,0.001095290251916758,0,0.0,0.0,0.0
month_weekday_median,0.9,5,5,2019-01-01,2023-12-31,1826,0,0.0,2,0.001095290251916758,0,0.0,0.0,0.0
month_weekday_median,0.9,5,7,2019-01-01,2023-12-31,1826,0,0.0,2,0.001095290251916758,0,0.0,0.0,0.0
