review_id,episode_cluster_id,window_type,source_class,reviewer_1,reviewer_2,reviewer_1_decision,reviewer_2_decision,adjudication_status,final_document_role,final_signal_family_id,final_is_update,final_parent_family_id,verified_issue_date,verified_publication_date,verified_effective_date,verified_expiry_date,verified_geographic_scope,historical_availability_status,prior_episode_overlap_status,review_action,evidence_id,document_title,evidence_pages,representative_relative_path
RV-E0DAE471104B,E006,onset,GARD,R1,R2,agree,agree,accepted,positive_signal,GARD-GULF-OMAN-2019-06,False,,,,,,Gulf of Oman / Hormuz / Persian Gulf,unverified,unknown,Verify issue/publication date,EV-FE4517242497,Gard: Incident in the Gulf of Oman,PDF pp. 1-3,E006/GARD/onset/automated_pending/E006_GARD_onset__search-Gulf-of-Oman/20260913T224926885288Z_qrm2o0ds/E006_GARD_onset__search-Gulf-of-Oman__document-940c2cb2ca.pdf
RV-BE71B226C345,E006,onset,MARAD,R1,R2,agree,agree,accepted,positive_signal,MARAD-2019-003A,False,,,,2019-06-13,2019-06-20,Persian Gulf / Strait of Hormuz / Gulf of Oman,unverified,unknown,Verify issue/publication date,EV-BA3C5900F785,MARAD 2019-003A,PDF p. 1,E006/MARAD/onset/automated_pending/E006_MARAD_onset__Arabian-Gulf/20260914T010959429002Z_l6gjuzxd/E006_MARAD_onset__Arabian-Gulf__document-ec66a102d9.pdf
RV-DA6DA6BE8ABD,E006,pre_onset,GARD,R1,R2,agree,agree,accepted,methodology,GARD-AIS-SANCTIONS-2019,False,,,2019-05-28,,,Sanctions/AIS methodology; not a specific disruption alert,not_applicable,not_applicable,Human coding complete,EV-B7DCC5D605DF,Gard: Going dark / AIS and sanctions compliance,PDF pp. 1-10,E006/GARD/pre_onset/automated_pending/E006_GARD_pre_onset__search-Iran/20260913T223831843592Z_bahqu7bt/E006_GARD_pre_onset__search-Iran__document-70d012db10.pdf
RV-6CFA452379B1,E006,onset,IUA_JWC_LMA,R1,R2,agree,agree,accepted,excluded,JWLA-034,False,,2026-07-29,,,,"Regional listed areas, including Persian/Arabian Gulf",not_applicable,not_applicable,Human coding complete,EV-B5D8F0174EBF,JWC JWLA-034 listed areas,PDF p. 1,E006/IUA_JWC_LMA/onset/automated_pending/E006_IUA_JWC_LMA_onset__page-1/20260914T011051137968Z_c6vu9px4/documents/E006_IUA_JWC_LMA_onset__page-1__document-864b57ce0f.pdf
RV-70AC94282D09,E006,pre_onset,IUA_JWC_LMA,R1,R2,agree,agree,accepted,excluded,JWLA-034,False,,2026-07-29,,,,"Regional listed areas, including Persian/Arabian Gulf",not_applicable,not_applicable,Human coding complete,EV-B5D8F0174EBF,JWC JWLA-034 listed areas,PDF p. 1,E006/IUA_JWC_LMA/onset/automated_pending/E006_IUA_JWC_LMA_onset__page-1/20260914T011051137968Z_c6vu9px4/documents/E006_IUA_JWC_LMA_onset__page-1__document-864b57ce0f.pdf
RV-7D45467EED26,E007,pre_onset,GARD,R1,R2,agree,agree,accepted,positive_signal,GARD-GULF-OMAN-2019-06,False,,,,,,Gulf of Oman / Hormuz / Persian Gulf,unverified,unknown,Verify issue/publication date,EV-FE4517242497,Gard: Incident in the Gulf of Oman,PDF pp. 1-3,E006/GARD/onset/automated_pending/E006_GARD_onset__search-Gulf-of-Oman/20260913T224926885288Z_qrm2o0ds/E006_GARD_onset__search-Gulf-of-Oman__document-940c2cb2ca.pdf
RV-18A744BC9ABC,E007,pre_onset,MARAD,R1,R2,agree,agree,accepted,positive_signal,MARAD-2019-003A,False,,,,2019-06-13,2019-06-20,Persian Gulf / Strait of Hormuz / Gulf of Oman,unverified,unknown,Verify issue/publication date,EV-BA3C5900F785,MARAD 2019-003A,PDF p. 1,E006/MARAD/onset/automated_pending/E006_MARAD_onset__Arabian-Gulf/20260914T010959429002Z_l6gjuzxd/E006_MARAD_onset__Arabian-Gulf__document-ec66a102d9.pdf
RV-514AC7C3E9FB,E007,pre_onset,GARD,R1,R2,agree,agree,accepted,methodology,GARD-AIS-SANCTIONS-2019,False,,,2019-05-28,,,Sanctions/AIS methodology; not a specific disruption alert,not_applicable,not_applicable,Human coding complete,EV-B7DCC5D605DF,Gard: Going dark / AIS and sanctions compliance,PDF pp. 1-10,E006/GARD/pre_onset/automated_pending/E006_GARD_pre_onset__search-Iran/20260913T223831843592Z_bahqu7bt/E006_GARD_pre_onset__search-Iran__document-70d012db10.pdf
RV-8335311F8D0F,E007,onset,IUA_JWC_LMA,R1,R2,agree,agree,accepted,excluded,JWLA-034,False,,2026-07-29,,,,"Regional listed areas, including Persian/Arabian Gulf",not_applicable,not_applicable,Human coding complete,EV-B5D8F0174EBF,JWC JWLA-034 listed areas,PDF p. 1,E006/IUA_JWC_LMA/onset/automated_pending/E006_IUA_JWC_LMA_onset__page-1/20260914T011051137968Z_c6vu9px4/documents/E006_IUA_JWC_LMA_onset__page-1__document-864b57ce0f.pdf
RV-F8A417075016,E007,pre_onset,IUA_JWC_LMA,R1,R2,agree,agree,accepted,excluded,JWLA-034,False,,2026-07-29,,,,"Regional listed areas, including Persian/Arabian Gulf",not_applicable,not_applicable,Human coding complete,EV-B5D8F0174EBF,JWC JWLA-034 listed areas,PDF p. 1,E006/IUA_JWC_LMA/onset/automated_pending/E006_IUA_JWC_LMA_onset__page-1/20260914T011051137968Z_c6vu9px4/documents/E006_IUA_JWC_LMA_onset__page-1__document-864b57ce0f.pdf
RV-AF12DC700251,E027,pre_onset,GARD,R1,R2,agree,agree,accepted,positive_signal,GARD-PERSIAN-GULF-GUIDANCE-2021,False,,,2021-01-06,,,Persian Gulf / Gulf of Oman / Gulf of Aden / Red Sea,unverified,unknown,Resolve historical availability,EV-9A9E4E3FCEEA,"Gard: Maritime security recommendations, Persian Gulf",PDF pp. 1-4,E027/GARD/pre_onset/automated_pending/E027_GARD_pre_onset__search-Gulf-of-Oman/20260913T231954572757Z_r8e0wgu6/E027_GARD_pre_onset__search-Gulf-of-Oman__document-a2167037c8.pdf
RV-4354912FE686,E027,pre_onset,MARAD,R1,R2,agree,agree,accepted,positive_signal,MARAD-2021-001A,False,,,,2021-01-05,2021-01-12,Persian Gulf / Strait of Hormuz / Gulf of Oman,unverified,unknown,Verify issue/publication date,EV-23C2296536B6,MARAD 2021-001A,PDF p. 1,E027/MARAD/pre_onset/automated_pending/E027_MARAD_pre_onset__Arabian-Gulf/20260913T211320676817Z_zpi930r4/E027_MARAD_pre_onset__Arabian-Gulf__document-34f9336182.pdf
RV-FECFD5CE8155,E027,onset,IUA_JWC_LMA,R1,R2,agree,agree,accepted,excluded,JWLA-034,False,,2026-07-29,,,,"Regional listed areas, including Persian/Arabian Gulf",not_applicable,not_applicable,Human coding complete,EV-B5D8F0174EBF,JWC JWLA-034 listed areas,PDF p. 1,E006/IUA_JWC_LMA/onset/automated_pending/E006_IUA_JWC_LMA_onset__page-1/20260914T011051137968Z_c6vu9px4/documents/E006_IUA_JWC_LMA_onset__page-1__document-864b57ce0f.pdf
RV-CB898FF0B70C,E027,pre_onset,IUA_JWC_LMA,R1,R2,agree,agree,accepted,excluded,JWLA-034,False,,2026-07-29,,,,"Regional listed areas, including Persian/Arabian Gulf",not_applicable,not_applicable,Human coding complete,EV-B5D8F0174EBF,JWC JWLA-034 listed areas,PDF p. 1,E006/IUA_JWC_LMA/onset/automated_pending/E006_IUA_JWC_LMA_onset__page-1/20260914T011051137968Z_c6vu9px4/documents/E006_IUA_JWC_LMA_onset__page-1__document-864b57ce0f.pdf
RV-8B1D718113ED,E029,pre_onset,MARAD,R1,R2,agree,agree,accepted,positive_signal,MARAD-2021-003A,False,,,,2021-02-26,2021-03-05,Persian Gulf / Strait of Hormuz / Gulf of Oman,unverified,unknown,Verify issue/publication date,EV-FA2D04B9BCF1,MARAD 2021-003A,PDF p. 1,E029/MARAD/pre_onset/automated_pending/E029_MARAD_pre_onset__Arabian-Gulf/20260913T211411209749Z_iwsxag6m/E029_MARAD_pre_onset__Arabian-Gulf__document-a7ef08fdfd.pdf
RV-C424C27B1A6F,E029,onset,IUA_JWC_LMA,R1,R2,agree,agree,accepted,excluded,JWLA-034,False,,2026-07-29,,,,"Regional listed areas, including Persian/Arabian Gulf",not_applicable,not_applicable,Human coding complete,EV-B5D8F0174EBF,JWC JWLA-034 listed areas,PDF p. 1,E006/IUA_JWC_LMA/onset/automated_pending/E006_IUA_JWC_LMA_onset__page-1/20260914T011051137968Z_c6vu9px4/documents/E006_IUA_JWC_LMA_onset__page-1__document-864b57ce0f.pdf
RV-A7A0A49170DC,E029,pre_onset,IUA_JWC_LMA,R1,R2,agree,agree,accepted,excluded,JWLA-034,False,,2026-07-29,,,,"Regional listed areas, including Persian/Arabian Gulf",not_applicable,not_applicable,Human coding complete,EV-B5D8F0174EBF,JWC JWLA-034 listed areas,PDF p. 1,E006/IUA_JWC_LMA/onset/automated_pending/E006_IUA_JWC_LMA_onset__page-1/20260914T011051137968Z_c6vu9px4/documents/E006_IUA_JWC_LMA_onset__page-1__document-864b57ce0f.pdf
RV-EBE21A9CBAE9,E031,pre_onset,UKMTO_ADVISORY,R1,R2,agree,agree,accepted,positive_signal,UKMTO-INCIDENT-038-2024,False,,2024-02-23,,,,"175 NM east of Qalhat LNG terminal, Oman; reported position 22°12′08″N 63°00′34″E",unverified,clear,Resolve historical availability,EV-DD3082A47F31,UKMTO Advisory Incident 038,PDF p. 1,E031/UKMTO_ADVISORY/pre_onset/20240223-UKMTO ADVISORY  038 FEB 24.pdf
RV-BBB458FCDDEB,E031,pre_onset,UKMTO_ADVISORY,R1,R2,agree,agree,accepted,positive_signal,UKMTO-INCIDENT-040-2024,False,,2024-02-25,,,,"20 NM east of Khor Fakkan, UAE / Gulf of Oman",unverified,clear,Resolve historical availability,EV-8CAE9A61CE46,UKMTO Advisory Incident 040,PDF p. 1,E031/UKMTO_ADVISORY/pre_onset/20240225-ADVISORY INCIDENT 040.pdf
RV-B1611E348579,E031,pre_onset,UKMTO_ADVISORY,R1,R2,agree,agree,accepted,positive_signal,UKMTO-INCIDENT-041-2024,False,,2024-02-27,,,,"40 NM southeast of Mubarak Al Kabeer, Kuwait / Persian Gulf (initial location)",unverified,clear,Resolve historical availability,EV-272FC149DD08,UKMTO Advisory Incident 041,PDF p. 1,E031/UKMTO_ADVISORY/pre_onset/20240227 UKMTO ADVISORY INCIDENT 041.pdf
RV-3BB4D32C8E0D,E031,pre_onset,UKMTO_ADVISORY,R1,R2,agree,agree,accepted,update,UKMTO-INCIDENT-041-2024,True,UKMTO-INCIDENT-041-2024,2024-02-27,,,,"90 NM east of Ras Al Misham, Saudi Arabia / Persian Gulf (corrected location)",unverified,clear,Resolve historical availability,EV-1CB459B1F841,UKMTO Advisory Incident 041 Update 001,PDF p. 1,E031/UKMTO_ADVISORY/pre_onset/20240227 UKMTO ADVISORY INCIDENT 041 - UPDATE 001.pdf
RV-D11A04058527,E031,pre_onset,GARD,R1,R2,agree,agree,accepted,excluded,GARD-RED-SEA-CANCELLATION-2024,False,,2024-02-14,,2024-02-20,,Indian Ocean / Gulf of Aden / Southern Red Sea exclusion polygon,not_applicable,not_applicable,Human coding complete,EV-206D346F3F2A,Gard 19/2023: Notice of cancellation for war risks,"PDF pp. 1, 3-5",E031/GARD/pre_onset/automated_pending/E031_GARD_pre_onset__search-war-risk/20260914T000405120896Z_r5po83mg/E031_GARD_pre_onset__search-war-risk__document-b28fdbe1a6.pdf
RV-2F011AC5CE80,E031,pre_onset,GARD,R1,R2,agree,agree,accepted,excluded,GARD-RED-SEA-CANCELLATION-2024,True,GARD-RED-SEA-CANCELLATION-2024,,,2024-02-20,,Indian Ocean / Gulf of Aden / Southern Red Sea,not_applicable,not_applicable,Human coding complete,EV-6C2CE69DC9FC,Gard 20/2023: Red Sea crew cover extension,PDF pp. 1-3,E031/GARD/pre_onset/automated_pending/E031_GARD_pre_onset__search-war-risk/20260914T000405120896Z_r5po83mg/E031_GARD_pre_onset__search-war-risk__document-21e9b063db.pdf
RV-DA18241A8EBD,E031,pre_onset,GARD,R1,R2,agree,agree,accepted,excluded,GARD-RED-SEA-CANCELLATION-2024,True,GARD-RED-SEA-CANCELLATION-2024,,,,,Indian Ocean / Gulf of Aden / Southern Red Sea,not_applicable,not_applicable,Human coding complete,EV-4E605B65C075,Gard 21/2023: Red Sea charterers buyback,PDF pp. 1-3,E031/GARD/pre_onset/automated_pending/E031_GARD_pre_onset__search-war-risk/20260914T000405120896Z_r5po83mg/E031_GARD_pre_onset__search-war-risk__document-07102edbcb.pdf
RV-BE3C8E2FC4FA,E031,onset,GARD,R1,R2,agree,agree,accepted,methodology,GARD-RED-SEA-INSURANCE-COMMENTARY-2024,False,,,2024-02-28,,,Red Sea; wider insurance/legal context,not_applicable,not_applicable,Human coding complete,EV-839383EC1442,Gard: Red Sea war risks and insurance implications,PDF pp. 1-11,E031/GARD/onset/automated_pending/E031_GARD_onset__search-war-risk/20260914T001409183872Z_vtgl37ir/E031_GARD_onset__search-war-risk__document-eaa262e4fd.pdf
RV-79C4A2700C88,E031,pre_onset,GARD,R1,R2,agree,agree,accepted,excluded,GARD-POLAR-COMMENTARY-2024,False,,,,,,"Historical case law, not a new Hormuz event",not_applicable,not_applicable,Human coding complete,EV-10BFDAA819E8,Gard: The Polar legal commentary,PDF pp. 1-10,E031/GARD/pre_onset/automated_pending/E031_GARD_pre_onset__search-Iran/20260914T000047225784Z_sw9z27xj/E031_GARD_pre_onset__search-Iran__document-5839153848.pdf
RV-585CFC4A9CA4,E031,onset,IUA_JWC_LMA,R1,R2,agree,agree,accepted,excluded,JWLA-034,False,,2026-07-29,,,,"Regional listed areas, including Persian/Arabian Gulf",not_applicable,not_applicable,Human coding complete,EV-B5D8F0174EBF,JWC JWLA-034 listed areas,PDF p. 1,E006/IUA_JWC_LMA/onset/automated_pending/E006_IUA_JWC_LMA_onset__page-1/20260914T011051137968Z_c6vu9px4/documents/E006_IUA_JWC_LMA_onset__page-1__document-864b57ce0f.pdf
RV-A17D6DF85B3B,E031,pre_onset,IUA_JWC_LMA,R1,R2,agree,agree,accepted,excluded,JWLA-034,False,,2026-07-29,,,,"Regional listed areas, including Persian/Arabian Gulf",not_applicable,not_applicable,Human coding complete,EV-B5D8F0174EBF,JWC JWLA-034 listed areas,PDF p. 1,E006/IUA_JWC_LMA/onset/automated_pending/E006_IUA_JWC_LMA_onset__page-1/20260914T011051137968Z_c6vu9px4/documents/E006_IUA_JWC_LMA_onset__page-1__document-864b57ce0f.pdf
RV-7FB789D8FB8A,E031,pre_onset,UKMTO_ADVISORY,R1,R2,agree,agree,accepted,excluded,UKMTO-INCIDENT-025-2024,False,,2024-01-30,,,,Yemen,not_applicable,not_applicable,Human coding complete,EV-01B554B66A53,UKMTO Advisory Incident 025,PDF p. 1,E031/UKMTO_ADVISORY/pre_onset/20240130 UKMTO ADVISORY INCIDENT  025.pdf
RV-D8ED2075B2D7,E031,pre_onset,UKMTO_ADVISORY,R1,R2,agree,agree,accepted,excluded,UKMTO-INCIDENT-025-2024,True,UKMTO-INCIDENT-025-2024,2024-01-30,,,,Yemen,not_applicable,not_applicable,Human coding complete,EV-AA3290EA90A5,UKMTO Advisory Incident 025 Update 001,PDF p. 1,E031/UKMTO_ADVISORY/pre_onset/20240130 UKMTO ADVISORY INCIDENT 025 UPDATE 001.pdf
RV-3D8E7F305005,E031,onset,UKMTO_ADVISORY,R1,R2,agree,agree,accepted,excluded,UKMTO-INCIDENT-043-2024,False,,2024-03-02,,,,Somalia,not_applicable,not_applicable,Human coding complete,EV-A8EDCF2B6EDA,UKMTO Advisory Incident 043,PDF p. 1,E031/UKMTO_ADVISORY/onset/20240302-UKMTO ADVISORY SECURITY NOTIFICATION 022045ZMAR2024.pdf
RV-BCCFA6CEE1F8,E031,onset,UKMTO_ADVISORY,R1,R2,agree,agree,accepted,excluded,UKMTO-INCIDENT-045-2024,False,,2024-03-06,,,,Yemen / Aden,not_applicable,not_applicable,Human coding complete,EV-30EFD9FAE366,UKMTO Advisory Incident 045,PDF p. 1,E031/UKMTO_ADVISORY/onset/20240306-ADVISORY INCIDENT 045.pdf
RV-4FE7F52BD82E,E031,pre_onset,UKMTO_ADVISORY,R1,R2,agree,agree,accepted,excluded,UKMTO-SECURITY-NOTIFICATION-2024-02-02,False,,2024-02-02,,,,Yemen,not_applicable,not_applicable,Human coding complete,EV-9D66DE4305CB,UKMTO Advisory Incident UNRESOLVED,PDF p. 1,E031/UKMTO_ADVISORY/pre_onset/20240202 UKMTO ADVISORY 022100ZFEB2024.pdf
RV-BAB90C0C716E,E031,pre_onset,UKMTO_ADVISORY,R1,R2,agree,agree,accepted,excluded,UKMTO-SECURITY-NOTIFICATION-2024-02-21,False,,2024-02-21,,,,Yemen,not_applicable,not_applicable,Human coding complete,EV-FB4B9EDC4D0E,UKMTO Advisory Incident UNRESOLVED,PDF p. 1,E031/UKMTO_ADVISORY/pre_onset/20240221 UKMTO ADVISORY 210035ZFEB2024.pdf
RV-43C1723C8CAB,E031,pre_onset,UKMTO_WARNING,R1,R2,agree,agree,accepted,excluded,UKMTO-INCIDENT-024-2024,False,,2024-01-29,,,,Yemen / Mukha,not_applicable,not_applicable,Human coding complete,EV-7313D2C30AA6,UKMTO Warning Incident 024,PDF p. 1,E031/UKMTO_WARNING/pre_onset/20240129 UKMTO WARNING INCIDENT 024.pdf
RV-8AC73246006C,E031,pre_onset,UKMTO_WARNING,R1,R2,agree,agree,accepted,excluded,UKMTO-INCIDENT-026-2024,False,,2024-02-01,,,,Yemen,not_applicable,not_applicable,Human coding complete,EV-4D7DEAC1291F,UKMTO Warning Incident 026,PDF p. 1,E031/UKMTO_WARNING/pre_onset/20240201 UKMTO WARNING INCIDENT 026.pdf
RV-46E924871C5D,E031,pre_onset,UKMTO_WARNING,R1,R2,agree,agree,accepted,excluded,UKMTO-INCIDENT-026-2024,True,UKMTO-INCIDENT-026-2024,2024-02-01,,,,Yemen,not_applicable,not_applicable,Human coding complete,EV-B36B139D33E3,UKMTO Warning Incident 026 Update 001,PDF p. 1,E031/UKMTO_WARNING/pre_onset/20240201 UKMTO WARNING INCIDENT 026 UPDATE 001.pdf
RV-A847035D1CC3,E031,pre_onset,UKMTO_WARNING,R1,R2,agree,agree,accepted,excluded,UKMTO-INCIDENT-027-2024,False,,2024-02-06,,,,Yemen,not_applicable,not_applicable,Human coding complete,EV-04E2B178ED7E,UKMTO Warning Incident 027,PDF p. 1,E031/UKMTO_WARNING/pre_onset/20240201 UKMTO WARNING INCIDENT 027.pdf
RV-F3E79B58013E,E031,pre_onset,UKMTO_WARNING,R1,R2,agree,agree,accepted,excluded,UKMTO-INCIDENT-027-2024,True,UKMTO-INCIDENT-027-2024,2024-02-06,,,,Yemen,not_applicable,not_applicable,Human coding complete,EV-BB8DA7C8802F,UKMTO Warning Incident 027 Update 001,PDF p. 1,E031/UKMTO_WARNING/pre_onset/20240201 UKMTO WARNING INCIDENT 027 Update 001.pdf
RV-E0E0FD6E1B8C,E031,pre_onset,UKMTO_WARNING,R1,R2,agree,agree,accepted,excluded,UKMTO-INCIDENT-028-2024,False,,2024-02-06,,,,Yemen / Aden,not_applicable,not_applicable,Human coding complete,EV-34AF4C8BA77B,UKMTO Warning Incident 028,PDF p. 1,E031/UKMTO_WARNING/pre_onset/20240206-UKMTO WARNING INCIDENT 028 (1).pdf
RV-702CB736DE69,E031,pre_onset,UKMTO_WARNING,R1,R2,agree,agree,accepted,excluded,UKMTO-INCIDENT-028-2024,True,UKMTO-INCIDENT-028-2024,2024-02-06,,,,Yemen / Aden,not_applicable,not_applicable,Human coding complete,EV-0EEFEB23B750,UKMTO Warning Incident 028 Update 001,PDF p. 1,E031/UKMTO_WARNING/pre_onset/20240206 UKMTO WARNING INCIDENT 028 UPDATE 01.pdf
RV-C05624C7F774,E031,pre_onset,UKMTO_WARNING,R1,R2,agree,agree,accepted,excluded,UKMTO-INCIDENT-029-2024,False,,2024-02-12,,,,Yemen / Mukha,not_applicable,not_applicable,Human coding complete,EV-973ECF78FF14,UKMTO Warning Incident 029,PDF p. 1,E031/UKMTO_WARNING/pre_onset/20240212 UKMTO WARNING INCIDENT FLASH 029 ATTACK.pdf
RV-05E21F0DB85E,E031,pre_onset,UKMTO_WARNING,R1,R2,agree,agree,accepted,excluded,UKMTO-INCIDENT-029-2024,True,UKMTO-INCIDENT-029-2024,2024-02-12,,,,Yemen / Mukha,not_applicable,not_applicable,Human coding complete,EV-3C4318B234B4,UKMTO Warning Incident 029 Update 001,PDF p. 1,E031/UKMTO_WARNING/pre_onset/20240212 UKMTO WARNING INCIDENT 029  ATTACK UPDATE 001.pdf
RV-F9B8FE86F673,E031,pre_onset,UKMTO_WARNING,R1,R2,agree,agree,accepted,excluded,UKMTO-INCIDENT-029-2024,True,UKMTO-INCIDENT-029-2024,2024-02-12,,,,Yemen / Mukha,not_applicable,not_applicable,Human coding complete,EV-B899F958D0A5,UKMTO Warning Incident 029 Update 002,PDF p. 1,E031/UKMTO_WARNING/pre_onset/20240212 UKMTO WARNING INCIDENT 029  ATTACK UPDATE 002.pdf
RV-40C0831265F8,E031,pre_onset,UKMTO_WARNING,R1,R2,agree,agree,accepted,excluded,UKMTO-INCIDENT-030-2024,False,,2024-02-15,,,,Yemen / Aden,not_applicable,not_applicable,Human coding complete,EV-D0FA72BFAEA9,UKMTO Warning Incident 030,PDF p. 1,E031/UKMTO_WARNING/pre_onset/20240215 UKMTO WARNING INCIDENT 30.pdf
RV-F9B6C59B1F62,E031,pre_onset,UKMTO_WARNING,R1,R2,agree,agree,accepted,excluded,UKMTO-INCIDENT-030-2024,True,UKMTO-INCIDENT-030-2024,2024-02-15,,,,Yemen / Aden,not_applicable,not_applicable,Human coding complete,EV-4431A7C30960,UKMTO Warning Incident 030 Update 001,PDF p. 1,E031/UKMTO_WARNING/pre_onset/20240215 UKMTO WARNING INCIDENT 30 UPDATE 001.pdf
RV-B0CF65E236E8,E031,pre_onset,UKMTO_WARNING,R1,R2,agree,agree,accepted,excluded,UKMTO-INCIDENT-031-2024,False,,2024-02-16,,,,Yemen / Mukha,not_applicable,not_applicable,Human coding complete,EV-CB309B8132C5,UKMTO Warning Incident 031,PDF p. 1,E031/UKMTO_WARNING/pre_onset/20240216UKMTO WARNING INCIDENT 031docx.pdf
RV-B52A14B7725C,E031,pre_onset,UKMTO_WARNING,R1,R2,agree,agree,accepted,excluded,UKMTO-INCIDENT-031-2024,True,UKMTO-INCIDENT-031-2024,2024-02-16,,,,Yemen / Mukha,not_applicable,not_applicable,Human coding complete,EV-CA946F60617E,UKMTO Warning Incident 031 Update 001,PDF p. 1,E031/UKMTO_WARNING/pre_onset/20240216-UKMTO WARNING INCIDENT 031 Update 001.pdf
RV-85F8EDADE6F1,E031,pre_onset,UKMTO_WARNING,R1,R2,agree,agree,accepted,excluded,UKMTO-INCIDENT-032-2024,False,,2024-02-18,,,,Yemen / Mukha,not_applicable,not_applicable,Human coding complete,EV-1E0A25D0830A,UKMTO Warning Incident 032,PDF p. 1,E031/UKMTO_WARNING/pre_onset/20240218 UKMTO WARNING INCIDENT 032.pdf
RV-9D1C726C7C47,E031,pre_onset,UKMTO_WARNING,R1,R2,agree,agree,accepted,excluded,UKMTO-INCIDENT-032-2024,True,UKMTO-INCIDENT-032-2024,2024-02-18,,,,Yemen / Mukha,not_applicable,not_applicable,Human coding complete,EV-4D75D9F98DB5,UKMTO Warning Incident 032 Update 001,PDF p. 1,E031/UKMTO_WARNING/pre_onset/20240218 UKMTO WARNING INCIDENT 032 UPDATE 001.pdf
RV-A98082097223,E031,pre_onset,UKMTO_WARNING,R1,R2,agree,agree,accepted,excluded,UKMTO-INCIDENT-032-2024,True,UKMTO-INCIDENT-032-2024,2024-02-19,,,,Yemen / Mukha,not_applicable,not_applicable,Human coding complete,EV-8E09CA44A6E0,UKMTO Warning Incident 032 Update 002,PDF p. 1,E031/UKMTO_WARNING/pre_onset/20240219 UKMTO WARNING INCIDENT 032 UPDATE 002.pdf
RV-092E6656620C,E031,pre_onset,UKMTO_WARNING,R1,R2,agree,agree,accepted,excluded,UKMTO-INCIDENT-032-2024,True,UKMTO-INCIDENT-032-2024,2024-02-19,,,,Yemen / Mukha,not_applicable,not_applicable,Human coding complete,EV-3F0F90934B56,UKMTO Warning Incident 032 Update 003,PDF p. 1,E031/UKMTO_WARNING/pre_onset/20240219 UKMTO WARNING 032 UPDATE 003.pdf
RV-17AA4281AAA2,E031,onset,UKMTO_WARNING,R1,R2,agree,agree,accepted,excluded,UKMTO-INCIDENT-032-2024,True,UKMTO-INCIDENT-032-2024,2024-03-02,,,,Yemen / Mukha,not_applicable,not_applicable,Human coding complete,EV-42B183112FE9,UKMTO Warning Incident 032 Update 004,PDF p. 1,E031/UKMTO_WARNING/onset/20240302 UKMTO WARNING INCIDENT 032 UPDATE 004 (1).pdf
RV-9826A938B89C,E031,pre_onset,UKMTO_WARNING,R1,R2,agree,agree,accepted,excluded,UKMTO-INCIDENT-033-2024,False,,2024-02-19,,,,Yemen / Aden,not_applicable,not_applicable,Human coding complete,EV-5D5239D3A491,UKMTO Warning Incident 033,PDF p. 1,E031/UKMTO_WARNING/pre_onset/20240219-UKMTO WARNING INCIDENT 033.pdf
RV-F8C8AD6EAB38,E031,pre_onset,UKMTO_WARNING,R1,R2,agree,agree,accepted,excluded,UKMTO-INCIDENT-033-2024,True,UKMTO-INCIDENT-033-2024,2024-02-19,,,,Yemen / Aden,not_applicable,not_applicable,Human coding complete,EV-1BF94067D3A0,UKMTO Warning Incident 033 Update 001,PDF p. 1,E031/UKMTO_WARNING/pre_onset/20240219-UKMTO WARNING INCIDENT 033 UPDATE 001.pdf
RV-8D3F63041973,E031,pre_onset,UKMTO_WARNING,R1,R2,agree,agree,accepted,excluded,UKMTO-INCIDENT-033-2024,True,UKMTO-INCIDENT-033-2024,2024-02-19,,,,Yemen / Aden,not_applicable,not_applicable,Human coding complete,EV-165408249C7C,UKMTO Warning Incident 033 Update 002,PDF p. 1,E031/UKMTO_WARNING/pre_onset/20240219-UKMTO WARNING INCIDENT 033 UPDATE 002.pdf
RV-47FEC8C75018,E031,pre_onset,UKMTO_WARNING,R1,R2,agree,agree,accepted,excluded,UKMTO-INCIDENT-034-2024,False,,2024-02-19,,,,Jizan,not_applicable,not_applicable,Human coding complete,EV-1596B7CF86B2,UKMTO Warning Incident 034,PDF p. 1,E031/UKMTO_WARNING/pre_onset/20240219 UKMTO WARNING INCIDENT 034.pdf
RV-9003CFD4A976,E031,pre_onset,UKMTO_WARNING,R1,R2,agree,agree,accepted,excluded,UKMTO-INCIDENT-034-2024,True,UKMTO-INCIDENT-034-2024,2024-02-19,,,,Jizan,not_applicable,not_applicable,Human coding complete,EV-D939602914EA,UKMTO Warning Incident 034 Update 001,PDF p. 1,E031/UKMTO_WARNING/pre_onset/20240219 UKMTO WARNING INCIDENT 034 UPDATE 001.pdf
RV-44498651F11B,E031,pre_onset,UKMTO_WARNING,R1,R2,agree,agree,accepted,excluded,UKMTO-INCIDENT-035-2024,False,,2024-02-19,,,,Djibouti,not_applicable,not_applicable,Human coding complete,EV-223492322564,UKMTO Warning Incident 035,PDF p. 1,E031/UKMTO_WARNING/pre_onset/20240219 UKMTO WARNING INCIDENT 035.pdf
RV-BA4E9C2F3BF9,E031,pre_onset,UKMTO_WARNING,R1,R2,agree,agree,accepted,excluded,UKMTO-INCIDENT-035-2024,True,UKMTO-INCIDENT-035-2024,2024-02-19,,,,Djibouti,not_applicable,not_applicable,Human coding complete,EV-32E6B9437C50,UKMTO Warning Incident 035 Update 001,PDF p. 1,E031/UKMTO_WARNING/pre_onset/20240219 UKMTO WARNING INCIDENT 035 UPDATE 001.pdf
RV-BE3A3E2BF743,E031,pre_onset,UKMTO_WARNING,R1,R2,agree,agree,accepted,excluded,UKMTO-INCIDENT-037-2024,False,,2024-02-22,,,,Yemen / Aden,not_applicable,not_applicable,Human coding complete,EV-BB6593AFCCD4,UKMTO Warning Incident 037,PDF p. 1,E031/UKMTO_WARNING/pre_onset/20240222-UKMTO WARNING INCIDENT 037.pdf
RV-78AA9B2787CF,E031,pre_onset,UKMTO_WARNING,R1,R2,agree,agree,accepted,excluded,UKMTO-INCIDENT-037-2024,True,UKMTO-INCIDENT-037-2024,2024-02-22,,,,Yemen / Aden,not_applicable,not_applicable,Human coding complete,EV-BFD2E66C748D,UKMTO Warning Incident 037 Update 001,PDF p. 1,E031/UKMTO_WARNING/pre_onset/20240222-UKMTO WARNING INCIDENT 037 - Update 001.pdf
RV-1D92BEE291E7,E031,pre_onset,UKMTO_WARNING,R1,R2,agree,agree,accepted,excluded,UKMTO-INCIDENT-037-2024,True,UKMTO-INCIDENT-037-2024,2024-02-22,,,,Yemen / Aden,not_applicable,not_applicable,Human coding complete,EV-E7613C1A421A,UKMTO Warning Incident 037 Update 002,PDF p. 1,E031/UKMTO_WARNING/pre_onset/20240222-WARNING INCIDENT 037 - Update 002.pdf
RV-E2D09DEDDE49,E031,pre_onset,UKMTO_WARNING,R1,R2,agree,agree,accepted,excluded,UKMTO-INCIDENT-039-2024,False,,2024-02-24,,,,Djibouti,not_applicable,not_applicable,Human coding complete,EV-0A63B3DD3557,UKMTO Warning Incident 039,PDF p. 1,E031/UKMTO_WARNING/pre_onset/20240224-WARNING INCIDENT 039.pdf
RV-1566112BF8F2,E031,pre_onset,UKMTO_WARNING,R1,R2,agree,agree,accepted,excluded,UKMTO-INCIDENT-039-2024,True,UKMTO-INCIDENT-039-2024,2024-02-24,,,,Djibouti,not_applicable,not_applicable,Human coding complete,EV-395608F79AF6,UKMTO Warning Incident 039 Update 001,PDF p. 1,E031/UKMTO_WARNING/pre_onset/20240224-WARNING INCIDENT 039 - Update 001.pdf
RV-A0D99E65DDC0,E031,pre_onset,UKMTO_WARNING,R1,R2,agree,agree,accepted,excluded,UKMTO-INCIDENT-042-2024,False,,2024-02-27,,,,Yemen,not_applicable,not_applicable,Human coding complete,EV-F5EB7CE87516,UKMTO Warning Incident 042,PDF p. 1,E031/UKMTO_WARNING/pre_onset/20240227 UKMTO WARNING INCIDENT 042.pdf
RV-696FE3998164,E031,pre_onset,UKMTO_WARNING,R1,R2,agree,agree,accepted,excluded,UKMTO-INCIDENT-042-2024,True,UKMTO-INCIDENT-042-2024,2024-02-27,,,,Yemen,not_applicable,not_applicable,Human coding complete,EV-0871A65ADA59,UKMTO Warning Incident 042 Update 001,PDF p. 1,E031/UKMTO_WARNING/pre_onset/20240227 UKMTO WARNING INCIDENT 042 UPDATE 001.pdf
RV-7F4B26B556E7,E031,onset,UKMTO_WARNING,R1,R2,agree,agree,accepted,excluded,UKMTO-INCIDENT-044-2024,False,,2024-03-04,,,,Yemen / Aden,not_applicable,not_applicable,Human coding complete,EV-6A91CF9DB271,UKMTO Warning Incident 044,PDF p. 1,E031/UKMTO_WARNING/onset/20240304 UKMTO WARNING INCIDENT 044.pdf
RV-CD299AC300CD,E031,onset,UKMTO_WARNING,R1,R2,agree,agree,accepted,excluded,UKMTO-INCIDENT-044-2024,True,UKMTO-INCIDENT-044-2024,2024-03-04,,,,Yemen / Aden,not_applicable,not_applicable,Human coding complete,EV-5DB1A58DE190,UKMTO Warning Incident 044 Update 001,PDF p. 1,E031/UKMTO_WARNING/onset/20240304 UKMTO WARNING INCIDENT 044 UPDATE 001.pdf
RV-C4D59CDD06CA,E031,onset,UKMTO_WARNING,R1,R2,agree,agree,accepted,excluded,UKMTO-INCIDENT-044-2024,True,UKMTO-INCIDENT-044-2024,2024-03-04,,,,Yemen / Aden,not_applicable,not_applicable,Human coding complete,EV-C8B0DD3FD7B6,UKMTO Warning Incident 044 Update 002,PDF p. 1,E031/UKMTO_WARNING/onset/20240304 UKMTO WARNING INCIDENT 044 UPDATE 002.pdf
RV-09249803DDFA,E031,onset,UKMTO_WARNING,R1,R2,agree,agree,accepted,excluded,UKMTO-INCIDENT-044-2024,True,UKMTO-INCIDENT-044-2024,2024-03-04,,,,Yemen / Aden,not_applicable,not_applicable,Human coding complete,EV-DBB62C501FB2,UKMTO Warning Incident 044 Update 003,PDF p. 1,E031/UKMTO_WARNING/onset/20240304 UKMTO WARNING INCIDENT 044 UPDATE 003.pdf
RV-2B5435A23E08,E031,onset,UKMTO_WARNING,R1,R2,agree,agree,accepted,excluded,UKMTO-INCIDENT-046-2024,False,,2024-03-06,,,,Yemen / Aden,not_applicable,not_applicable,Human coding complete,EV-F8D5E0BB68C6,UKMTO Warning Incident 046,PDF p. 1,E031/UKMTO_WARNING/onset/20240306 UKMTO WARNING INCIDENT 046.pdf
RV-FD1713D4576B,E031,onset,UKMTO_WARNING,R1,R2,agree,agree,accepted,excluded,UKMTO-INCIDENT-046-2024,True,UKMTO-INCIDENT-046-2024,2024-03-06,,,,Yemen / Aden,not_applicable,not_applicable,Human coding complete,EV-1E0F5DE68AD2,UKMTO Warning Incident 046 Update 001,PDF p. 1,E031/UKMTO_WARNING/onset/20240306 UKMTO WARNING INCIDENT 046 UPDATE 001.pdf
RV-0D5A47F3816A,E031,onset,UKMTO_WARNING,R1,R2,agree,agree,accepted,excluded,UKMTO-INCIDENT-046-2024,True,UKMTO-INCIDENT-046-2024,2024-03-06,,,,Yemen / Aden,not_applicable,not_applicable,Human coding complete,EV-179196643861,UKMTO Warning Incident 046 Update 002,PDF p. 1,E031/UKMTO_WARNING/onset/20240306 UKMTO WARNING INCIDENT 046 UPDATE 002.pdf
RV-1BB864F2EE4E,E031,onset,UKMTO_WARNING,R1,R2,agree,agree,accepted,excluded,UKMTO-INCIDENT-046-2024,True,UKMTO-INCIDENT-046-2024,2024-03-06,,,,Yemen / Aden,not_applicable,not_applicable,Human coding complete,EV-D989D4A80816,UKMTO Warning Incident 046 Update 003,PDF p. 1,E031/UKMTO_WARNING/onset/20240306 UKMTO WARNING INCIDENT 046 UPDATE 003.pdf
RV-5B9F0906B88A,E031,onset,UKMTO_WARNING,R1,R2,agree,agree,accepted,excluded,UKMTO-INCIDENT-047-2024,False,,2024-03-08,,,,Yemen / Aden,not_applicable,not_applicable,Human coding complete,EV-5B3BEA0AD922,UKMTO Warning Incident 047,PDF p. 1,E031/UKMTO_WARNING/onset/20240308 UKMTO WARNING INCIDENT 047.pdf
RV-E19BC562EF7E,E031,onset,UKMTO_WARNING,R1,R2,agree,agree,accepted,excluded,UKMTO-INCIDENT-047-2024,True,UKMTO-INCIDENT-047-2024,2024-03-08,,,,Yemen / Aden,not_applicable,not_applicable,Human coding complete,EV-C5D5E0F69657,UKMTO Warning Incident 047 Update 001,PDF p. 1,E031/UKMTO_WARNING/onset/20240308 UKMTO WARNING INCIDENT 047 UPDATE 001.pdf
RV-AAAD83E9821B,E031,onset,UKMTO_WARNING,R1,R2,agree,agree,accepted,excluded,UKMTO-INCIDENT-047-2024,True,UKMTO-INCIDENT-047-2024,2024-03-08,,,,Yemen / Aden,not_applicable,not_applicable,Human coding complete,EV-4CE32515DB8B,UKMTO Warning Incident 047 Update 002,PDF p. 1,E031/UKMTO_WARNING/onset/20240308 UKMTO WARNING INCIDENT 047 UPDATE 002.pdf
RV-CD149B75E37D,E031,onset,UKMTO_WARNING,R1,R2,agree,agree,accepted,excluded,UKMTO-INCIDENT-048-2024,False,,2024-03-11,,,,Yemen,not_applicable,not_applicable,Human coding complete,EV-9D3436D29292,UKMTO Warning Incident 048,PDF p. 1,E031/UKMTO_WARNING/onset/20240311 UKMTO WARNING INCIDENT 048.pdf
RV-FF1C6B0F8F5E,E031,onset,UKMTO_WARNING,R1,R2,agree,agree,accepted,excluded,UKMTO-INCIDENT-048-2024,True,UKMTO-INCIDENT-048-2024,2024-03-11,,,,Yemen,not_applicable,not_applicable,Human coding complete,EV-75086452A0DE,UKMTO Warning Incident 048 Update 001,PDF p. 1,E031/UKMTO_WARNING/onset/20240311 UKMTO WARNING INCIDENT 048 UPDATE 001.pdf
RV-38518EED79B0,E031,onset,UKMTO_WARNING,R1,R2,agree,agree,accepted,excluded,UKMTO-INCIDENT-049-2024,False,,2024-03-12,,,,Somalia / Mogadishu,not_applicable,not_applicable,Human coding complete,EV-D4FF3DCACC2E,UKMTO Warning Incident 049,PDF p. 1,E031/UKMTO_WARNING/onset/20240312-WARNING INCIDENT 049.pdf
RV-13B6B8160C87,E031,onset,UKMTO_WARNING,R1,R2,agree,agree,accepted,excluded,UKMTO-INCIDENT-049-2024,True,UKMTO-INCIDENT-049-2024,2024-03-12,,,,Somalia / Mogadishu,not_applicable,not_applicable,Human coding complete,EV-187F9EFFFF4A,UKMTO Warning Incident 049 Update 001,PDF p. 1,E031/UKMTO_WARNING/onset/20240312-WARNING INCIDENT 049 - UPDATE 001.pdf
RV-4E4FBB62D65B,E031,onset,UKMTO_WARNING,R1,R2,agree,agree,accepted,excluded,UKMTO-INCIDENT-049-2024,True,UKMTO-INCIDENT-049-2024,2024-03-12,,,,Somalia / Mogadishu,not_applicable,not_applicable,Human coding complete,EV-69BCEADCA9C1,UKMTO Warning Incident 049 Update 002,PDF p. 1,E031/UKMTO_WARNING/onset/20240312-WARNING INCIDENT 049 - UPDATE 002.pdf
RV-02856CEFE302,E032,onset,IUA_JWC_LMA,R1,R2,agree,agree,accepted,excluded,JWLA-034,False,,2026-07-29,,,,"Regional listed areas, including Persian/Arabian Gulf",not_applicable,not_applicable,Human coding complete,EV-B5D8F0174EBF,JWC JWLA-034 listed areas,PDF p. 1,E006/IUA_JWC_LMA/onset/automated_pending/E006_IUA_JWC_LMA_onset__page-1/20260914T011051137968Z_c6vu9px4/documents/E006_IUA_JWC_LMA_onset__page-1__document-864b57ce0f.pdf
RV-8FF51CBBB9A6,E032,pre_onset,IUA_JWC_LMA,R1,R2,agree,agree,accepted,excluded,JWLA-034,False,,2026-07-29,,,,"Regional listed areas, including Persian/Arabian Gulf",not_applicable,not_applicable,Human coding complete,EV-B5D8F0174EBF,JWC JWLA-034 listed areas,PDF p. 1,E006/IUA_JWC_LMA/onset/automated_pending/E006_IUA_JWC_LMA_onset__page-1/20260914T011051137968Z_c6vu9px4/documents/E006_IUA_JWC_LMA_onset__page-1__document-864b57ce0f.pdf
RV-C9ED55786169,E047,pre_onset,GARD,R1,R2,agree,agree,accepted,excluded,GARD-COMPANY-NEWS-2025,False,,,2025-10-22,,,Company/education news,not_applicable,not_applicable,Human coding complete,EV-9E17058A7575,Gard: Writing competition winner,PDF pp. 1-8,E047/GARD/pre_onset/automated_pending/E047_GARD_pre_onset__search-war-risk/20260914T004416250871Z_nb0h3b07/E047_GARD_pre_onset__search-war-risk__document-a18e6aad2d.pdf
RV-14EA66400638,E047,onset,IUA_JWC_LMA,R1,R2,agree,agree,accepted,excluded,JWLA-034,False,,2026-07-29,,,,"Regional listed areas, including Persian/Arabian Gulf",not_applicable,not_applicable,Human coding complete,EV-B5D8F0174EBF,JWC JWLA-034 listed areas,PDF p. 1,E006/IUA_JWC_LMA/onset/automated_pending/E006_IUA_JWC_LMA_onset__page-1/20260914T011051137968Z_c6vu9px4/documents/E006_IUA_JWC_LMA_onset__page-1__document-864b57ce0f.pdf
RV-9A2FDDB5C9DB,E047,pre_onset,IUA_JWC_LMA,R1,R2,agree,agree,accepted,excluded,JWLA-034,False,,2026-07-29,,,,"Regional listed areas, including Persian/Arabian Gulf",not_applicable,not_applicable,Human coding complete,EV-B5D8F0174EBF,JWC JWLA-034 listed areas,PDF p. 1,E006/IUA_JWC_LMA/onset/automated_pending/E006_IUA_JWC_LMA_onset__page-1/20260914T011051137968Z_c6vu9px4/documents/E006_IUA_JWC_LMA_onset__page-1__document-864b57ce0f.pdf
